match_id,player1,player2,elapsed_time,set_no,game_no,point_no,p1_sets,p2_sets,p1_games,p2_games,p1_score,p2_score,server,serve_no,point_victor,p1_points_won,p2_points_won,game_victor,set_victor,p1_ace,p2_ace,p1_winner,p2_winner,winner_shot_type,p1_double_fault,p2_double_fault,p1_unf_err,p2_unf_err,p1_net_pt,p2_net_pt,p1_net_pt_won,p2_net_pt_won,p1_break_pt,p2_break_pt,p1_break_pt_won,p2_break_pt_won,p1_break_pt_missed,p2_break_pt_missed,p1_distance_run,p2_distance_run,rally_count,speed_mph,serve_width,serve_depth,return_depth,match_victor
2023-wimbledon-1701,Carlos Alcaraz,Novak Djokovic,0:00:00,1,1,1,0,0,0,0,0,0,2,1,1,0,1,2,1,0,0,0,0,0,0,0,0,0,0,0,0,0,0,0,0,0,0,0,5.6610000000000005,4.341,1,111.0,W,1.0,1.0,1
2023-wimbledon-1701,Carlos Alcaraz,Novak Djokovic,0:00:25,1,1,2,0,0,0,0,0,15,2,1,2,1,1,2,1,0,0,0,0,0,0,0,0,0,0,0,0,0,0,0,0,0,0,0,18.502,22.307,4,126.0,BW,0.0,0.0,1
2023-wimbledon-1701,Carlos Alcaraz,Novak Djokovic,0:01:19,1,1,3,0,0,0,0,15,15,2,2,2,2,1,2,1,0,0,1,0,F,0,0,0,0,0,0,0,0,0,0,0,0,0,0,4.7860000000000005,2.926,2,102.0,BW,0.0,0.0,1
2023-wimbledon-1701,Carlos Alcaraz,Novak Djokovic,0:02:17,1,1,4,0,0,0,0,30,15,2,2,1,2,2,2,1,0,0,0,0,0,0,0,0,0,0,0,0,0,0,0,0,0,0,0,4.907,4.209,1,120.0,BC,1.0,0.0,1
2023-wimbledon-1701,Carlos Alcaraz,Novak Djokovic,0:03:02,1,1,5,0,0,0,0,30,30,2,1,2,3,2,2,1,0,0,0,0,0,0,0,0,1,0,1,0,0,0,0,0,0,0,0,12.880999999999998,8.676,2,108.0,W,1.0,0.0,1
2023-wimbledon-1701,Carlos Alcaraz,Novak Djokovic,0:03:38,1,1,6,0,0,0,0,40,30,2,1,1,3,3,2,1,0,0,0,0,0,0,0,0,0,0,0,0,0,1,0,0,0,1,0,7.292999999999999,7.704,1,127.0,W,0.0,1.0,1
2023-wimbledon-1701,Carlos Alcaraz,Novak Djokovic,0:04:05,1,1,7,0,0,0,0,40,40,2,1,1,3,4,2,1,0,0,0,1,F,0,0,0,0,0,1,0,1,0,0,0,0,0,0,23.283,19.531,5,111.0,W,1.0,0.0,1
2023-wimbledon-1701,Carlos Alcaraz,Novak Djokovic,0:04:41,1,1,8,0,0,0,0,40,50,2,1,2,4,4,2,1,0,0,0,0,0,0,0,0,0,0,0,0,0,0,0,0,0,0,0,23.179000000000002,24.58,6,124.0,BW,0.0,1.0,1
2023-wimbledon-1701,Carlos Alcaraz,Novak Djokovic,0:06:03,1,1,9,0,0,0,0,40,40,2,1,1,4,5,2,1,0,0,0,0,0,0,0,1,0,0,0,0,0,0,0,0,0,0,0,29.115,28.599,7,127.0,C,0.0,1.0,1
2023-wimbledon-1701,Carlos Alcaraz,Novak Djokovic,0:06:43,1,1,10,0,0,0,0,40,50,2,1,1,4,6,2,1,0,0,0,0,0,0,0,0,0,0,0,0,0,0,0,0,0,0,0,8.941,7.816,1,125.0,W,1.0,0.0,1
2023-wimbledon-1701,Carlos Alcaraz,Novak Djokovic,0:08:02,1,2,11,0,0,0,1,0,0,1,1,1,4,7,2,1,0,0,0,0,0,0,0,1,0,0,0,0,0,0,0,0,0,0,0,5.54,10.329,2,123.0,BW,0.0,0.0,1
2023-wimbledon-1701,Carlos Alcaraz,Novak Djokovic,0:08:28,1,2,12,0,0,0,1,0,15,1,1,1,4,8,2,1,0,0,0,1,F,0,0,0,0,0,0,0,0,0,0,0,0,0,0,16.819000000000003,20.000999999999998,6,119.0,C,0.0,0.0,1
2023-wimbledon-1701,Carlos Alcaraz,Novak Djokovic,0:09:22,1,2,13,0,0,0,1,0,30,1,2,1,4,9,2,1,0,0,0,0,0,0,0,1,0,0,0,0,0,0,0,0,0,0,0,21.482,23.589000000000002,6,107.0,B,0.0,1.0,1
2023-wimbledon-1701,Carlos Alcaraz,Novak Djokovic,0:10:25,1,2,14,0,0,0,1,0,40,1,1,2,5,9,2,1,0,0,0,0,0,0,0,0,0,0,0,0,0,0,1,0,0,0,1,9.876,15.338,3,121.0,C,1.0,0.0,1
2023-wimbledon-1701,Carlos Alcaraz,Novak Djokovic,0:10:57,1,2,15,0,0,0,1,15,40,1,1,2,6,9,2,1,0,0,1,0,F,0,0,0,0,0,0,0,0,0,1,0,0,0,1,7.638,7.393,3,128.0,BC,0.0,0.0,1
2023-wimbledon-1701,Carlos Alcaraz,Novak Djokovic,0:11:29,1,2,16,0,0,0,1,30,40,1,2,1,6,10,2,1,0,0,0,0,0,0,0,0,0,0,0,0,0,0,1,0,1,0,0,21.88,18.532,4,101.0,BW,0.0,1.0,1
2023-wimbledon-1701,Carlos Alcaraz,Novak Djokovic,0:12:45,1,3,17,0,0,0,2,0,0,2,1,1,6,11,2,1,0,0,0,0,0,0,0,1,0,1,0,0,0,0,0,0,0,0,0,20.078,18.607,5,122.0,C,0.0,1.0,1
2023-wimbledon-1701,Carlos Alcaraz,Novak Djokovic,0:13:23,1,3,18,0,0,0,2,0,15,2,2,2,7,11,2,1,0,0,0,0,0,0,0,0,1,0,0,0,0,0,0,0,0,0,0,29.805,34.701,8,107.0,C,0.0,1.0,1
2023-wimbledon-1701,Carlos Alcaraz,Novak Djokovic,0:14:24,1,3,19,0,0,0,2,15,15,2,2,2,8,11,2,1,0,0,0,0,0,0,0,0,0,0,0,0,0,0,0,0,0,0,0,31.980999999999998,29.820999999999998,8,85.0,C,0.0,1.0,1
2023-wimbledon-1701,Carlos Alcaraz,Novak Djokovic,0:15:30,1,3,20,0,0,0,2,30,15,2,2,1,8,12,2,1,0,0,0,0,0,0,0,0,0,0,1,0,1,0,0,0,0,0,0,93.36399999999999,89.698,21,88.0,BW,0.0,0.0,1
2023-wimbledon-1701,Carlos Alcaraz,Novak Djokovic,0:17:03,1,3,21,0,0,0,2,30,30,2,1,1,8,13,2,1,0,0,0,0,0,0,0,0,0,0,1,0,1,0,0,0,0,0,0,48.24100000000001,32.83,5,121.0,C,0.0,0.0,1
2023-wimbledon-1701,Carlos Alcaraz,Novak Djokovic,0:18:02,1,3,22,0,0,0,2,30,40,2,1,1,8,14,2,1,0,1,0,1,0,0,0,0,0,0,0,0,0,0,0,0,0,0,0,0.669,0.49200000000000005,1,121.0,C,0.0,nan,1
2023-wimbledon-1701,Carlos Alcaraz,Novak Djokovic,0:19:49,1,4,23,0,0,0,3,0,0,1,1,1,8,15,2,1,0,0,0,0,0,0,0,0,0,0,0,0,0,0,0,0,0,0,0,12.277999999999999,14.265999999999998,2,108.0,W,1.0,1.0,1
2023-wimbledon-1701,Carlos Alcaraz,Novak Djokovic,0:20:15,1,4,24,0,0,0,3,0,15,1,1,2,9,15,2,1,0,0,0,0,0,0,0,0,0,0,0,0,0,0,0,0,0,0,0,2.783,7.056,1,128.0,BW,0.0,0.0,1
2023-wimbledon-1701,Carlos Alcaraz,Novak Djokovic,0:20:38,1,4,25,0,0,0,3,15,15,1,1,1,9,16,2,1,0,0,0,0,0,0,0,0,0,0,0,0,0,0,0,0,0,0,0,30.865,26.119,6,128.0,C,0.0,1.0,1
2023-wimbledon-1701,Carlos Alcaraz,Novak Djokovic,0:21:15,1,4,26,0,0,0,3,15,30,1,1,1,9,17,2,1,0,0,0,0,0,0,0,1,0,0,0,0,0,0,0,0,0,0,0,27.744,38.992,8,117.0,C,0.0,1.0,1
2023-wimbledon-1701,Carlos Alcaraz,Novak Djokovic,0:21:55,1,4,27,0,0,0,3,15,40,1,2,2,10,17,2,1,0,0,0,0,0,0,0,0,0,0,0,0,0,0,1,0,0,0,1,12.367,12.258,3,110.0,B,1.0,1.0,1
2023-wimbledon-1701,Carlos Alcaraz,Novak Djokovic,0:22:36,1,4,28,0,0,0,3,30,40,1,1,2,11,17,2,1,0,0,1,0,0,0,0,0,0,0,0,0,0,0,1,0,0,0,1,5.683,5.84,1,128.0,BW,1.0,0.0,1
2023-wimbledon-1701,Carlos Alcaraz,Novak Djokovic,0:23:16,1,4,29,0,0,0,3,40,40,1,2,1,11,18,2,1,0,0,0,0,0,0,0,0,0,0,0,0,0,0,0,0,0,0,0,35.455999999999996,41.723,10,98.0,C,0.0,0.0,1
2023-wimbledon-1701,Carlos Alcaraz,Novak Djokovic,0:24:11,1,4,30,0,0,0,3,40,50,1,2,1,11,19,2,1,0,0,0,0,0,0,0,0,0,0,0,0,0,0,1,0,1,0,0,11.067,10.59,2,95.0,BW,0.0,0.0,1
2023-wimbledon-1701,Carlos Alcaraz,Novak Djokovic,0:25:06,1,5,31,0,0,0,4,0,0,2,1,1,11,20,2,1,0,0,0,0,0,0,0,0,0,0,0,0,0,0,0,0,0,0,0,5.872999999999999,3.741,1,108.0,W,1.0,1.0,1
2023-wimbledon-1701,Carlos Alcaraz,Novak Djokovic,0:25:28,1,5,32,0,0,0,4,0,15,2,1,1,11,21,2,1,0,0,0,0,0,0,0,1,0,0,0,0,0,0,0,0,0,0,0,13.029000000000002,12.57,3,126.0,W,1.0,1.0,1
2023-wimbledon-1701,Carlos Alcaraz,Novak Djokovic,0:25:57,1,5,33,0,0,0,4,0,30,2,1,2,12,21,2,1,0,0,1,0,B,0,0,0,0,0,1,0,0,0,0,0,0,0,0,13.895999999999999,16.397000000000002,4,111.0,BW,0.0,0.0,1
2023-wimbledon-1701,Carlos Alcaraz,Novak Djokovic,0:26:33,1,5,34,0,0,0,4,15,30,2,1,1,12,22,2,1,0,0,0,0,0,0,0,1,0,0,0,0,0,0,0,0,0,0,0,26.566,27.069000000000003,5,125.0,W,1.0,1.0,1
2023-wimbledon-1701,Carlos Alcaraz,Novak Djokovic,0:27:10,1,5,35,0,0,0,4,15,40,2,1,1,12,23,2,1,0,0,0,1,F,0,0,0,0,0,1,0,1,0,0,0,0,0,0,14.297,10.323,3,121.0,C,0.0,nan,1
2023-wimbledon-1701,Carlos Alcaraz,Novak Djokovic,0:28:47,1,6,36,0,0,0,5,0,0,1,1,2,13,23,2,1,0,0,1,0,F,0,0,0,0,1,0,1,0,0,0,0,0,0,0,9.156,12.607000000000001,3,129.0,C,0.0,nan,1
2023-wimbledon-1701,Carlos Alcaraz,Novak Djokovic,0:29:15,1,6,37,0,0,0,5,15,0,1,1,2,14,23,2,1,0,0,0,0,0,0,0,0,0,0,0,0,0,0,0,0,0,0,0,9.453,10.305,1,131.0,W,1.0,1.0,1
2023-wimbledon-1701,Carlos Alcaraz,Novak Djokovic,0:29:37,1,6,38,0,0,0,5,30,0,1,2,1,14,24,2,1,0,0,0,0,0,0,0,1,0,0,0,0,0,0,0,0,0,0,0,6.807,10.082,2,103.0,BC,0.0,0.0,1
2023-wimbledon-1701,Carlos Alcaraz,Novak Djokovic,0:30:15,1,6,39,0,0,0,5,30,15,1,2,1,14,25,2,1,0,0,0,0,0,1,0,1,0,0,0,0,0,0,0,0,0,0,0,1.0759999999999998,2.0580000000000003,0,nan,C,1.0,nan,1
2023-wimbledon-1701,Carlos Alcaraz,Novak Djokovic,0:30:55,1,6,40,0,0,0,5,30,30,1,1,2,15,25,2,1,0,0,1,0,F,0,0,0,0,1,0,1,0,0,0,0,0,0,0,33.492,57.879,9,130.0,B,0.0,1.0,1
2023-wimbledon-1701,Carlos Alcaraz,Novak Djokovic,0:31:36,1,6,41,0,0,0,5,40,30,1,1,2,16,25,2,1,0,0,1,0,F,0,0,0,0,0,1,0,0,0,0,0,0,0,0,16.192999999999998,17.993,5,118.0,C,0.0,1.0,1
2023-wimbledon-1701,Carlos Alcaraz,Novak Djokovic,0:32:28,1,7,42,0,0,1,5,0,0,2,1,1,16,26,2,1,0,0,0,0,0,0,0,0,0,0,0,0,0,0,0,0,0,0,0,31.956999999999997,36.872,9,117.0,C,0.0,1.0,1
2023-wimbledon-1701,Carlos Alcaraz,Novak Djokovic,0:33:11,1,7,43,0,0,1,5,0,15,2,2,1,16,27,2,1,0,0,0,0,0,0,0,0,0,0,1,0,1,0,0,0,0,0,0,8.491,10.737,3,110.0,C,0.0,0.0,1
2023-wimbledon-1701,Carlos Alcaraz,Novak Djokovic,0:33:55,1,7,44,0,0,1,5,0,30,2,1,1,16,28,2,1,0,0,0,0,0,0,0,0,0,0,0,0,0,0,0,0,0,0,0,4.404,3.1460000000000004,1,120.0,C,0.0,0.0,1
2023-wimbledon-1701,Carlos Alcaraz,Novak Djokovic,0:34:19,1,7,45,0,0,1,5,0,40,2,1,1,16,29,2,1,0,0,0,1,F,0,0,0,0,0,1,0,1,0,0,0,0,0,0,13.498,14.462,5,125.0,W,1.0,0.0,1
2023-wimbledon-1701,Carlos Alcaraz,Novak Djokovic,0:36:28,2,1,46,0,1,0,0,0,0,1,1,2,17,29,2,1,0,0,0,0,0,0,0,0,0,1,0,1,0,0,0,0,0,0,0,24.951,17.213,3,114.0,W,1.0,0.0,1
2023-wimbledon-1701,Carlos Alcaraz,Novak Djokovic,0:36:58,2,1,47,0,1,0,0,15,0,1,1,1,17,30,2,1,0,0,0,0,0,0,0,0,0,0,1,0,1,0,0,0,0,0,0,34.923,42.751999999999995,6,129.0,W,0.0,0.0,1
2023-wimbledon-1701,Carlos Alcaraz,Novak Djokovic,0:37:34,2,1,48,0,1,0,0,15,15,1,1,2,18,30,2,1,0,0,0,0,0,0,0,0,0,1,0,1,0,0,0,0,0,0,0,19.28,18.009,5,126.0,B,1.0,0.0,1
2023-wimbledon-1701,Carlos Alcaraz,Novak Djokovic,0:38:07,2,1,49,0,1,0,0,30,15,1,1,2,19,30,2,1,0,0,0,0,0,0,0,0,0,1,0,1,0,0,0,0,0,0,0,5.36,5.702999999999999,1,117.0,W,0.0,0.0,1
2023-wimbledon-1701,Carlos Alcaraz,Novak Djokovic,0:38:34,2,1,50,0,1,0,0,40,15,1,1,2,20,30,2,1,0,0,0,0,0,0,0,0,0,0,0,0,0,0,0,0,0,0,0,9.236,8.897,1,126.0,BC,0.0,0.0,1
2023-wimbledon-1701,Carlos Alcaraz,Novak Djokovic,0:39:35,2,2,51,0,1,1,0,0,0,2,2,2,21,30,2,1,0,0,0,0,0,0,1,0,1,0,0,0,0,0,0,0,0,0,0,1.4240000000000002,0.9,0,nan,BC,0.0,nan,1
2023-wimbledon-1701,Carlos Alcaraz,Novak Djokovic,0:40:32,2,2,52,0,1,1,0,15,0,2,2,2,22,30,2,1,0,0,0,0,0,0,0,0,0,0,0,0,0,0,0,0,0,0,0,20.745,25.107,6,94.0,B,0.0,0.0,1
2023-wimbledon-1701,Carlos Alcaraz,Novak Djokovic,0:41:29,2,2,53,0,1,1,0,30,0,2,1,1,22,31,2,1,0,0,0,1,B,0,0,0,0,0,1,0,1,0,0,0,0,0,0,24.814,18.005,5,111.0,BW,0.0,0.0,1
2023-wimbledon-1701,Carlos Alcaraz,Novak Djokovic,0:42:10,2,2,54,0,1,1,0,30,15,2,2,1,22,32,2,1,0,0,0,1,F,0,0,0,0,0,1,0,1,0,0,0,0,0,0,33.497,30.331999999999997,9,107.0,C,0.0,1.0,1
2023-wimbledon-1701,Carlos Alcaraz,Novak Djokovic,0:43:16,2,2,55,0,1,1,0,30,30,2,2,1,22,33,2,1,0,0,0,0,0,0,0,1,0,0,0,0,0,0,0,0,0,0,0,3.971,3.523,1,94.0,BW,0.0,1.0,1
2023-wimbledon-1701,Carlos Alcaraz,Novak Djokovic,0:44:16,2,2,56,0,1,1,0,30,40,2,2,2,23,33,2,1,0,0,1,0,F,0,0,0,0,0,0,0,0,0,0,0,0,0,0,35.076,43.824,10,86.0,B,0.0,1.0,1
2023-wimbledon-1701,Carlos Alcaraz,Novak Djokovic,0:45:23,2,2,57,0,1,1,0,40,40,2,2,2,24,33,2,1,0,0,0,0,0,0,0,0,1,0,1,0,0,0,0,0,0,0,0,16.727,15.5,2,104.0,W,1.0,0.0,1
2023-wimbledon-1701,Carlos Alcaraz,Novak Djokovic,0:46:38,2,2,58,0,1,1,0,50,40,2,1,1,24,34,2,1,0,0,0,0,0,0,0,0,0,0,0,0,0,1,0,0,0,1,0,7.0520000000000005,6.806,1,118.0,BC,0.0,1.0,1
2023-wimbledon-1701,Carlos Alcaraz,Novak Djokovic,0:47:10,2,2,59,0,1,1,0,40,40,2,1,2,25,34,2,1,0,0,0,0,0,0,0,0,1,0,1,0,0,0,0,0,0,0,0,31.842,31.118000000000002,8,113.0,W,0.0,0.0,1
2023-wimbledon-1701,Carlos Alcaraz,Novak Djokovic,0:48:01,2,2,60,0,1,1,0,50,40,2,1,2,26,34,2,1,0,0,0,0,0,0,0,0,1,0,0,0,0,1,0,1,0,0,0,23.419,14.040999999999999,4,116.0,C,1.0,0.0,1
2023-wimbledon-1701,Carlos Alcaraz,Novak Djokovic,0:48:48,2,3,61,0,1,2,0,0,0,1,2,1,26,35,2,1,0,0,0,0,0,1,0,1,0,0,0,0,0,0,0,0,0,0,0,5.897,5.002,0,nan,B,1.0,0.0,1
2023-wimbledon-1701,Carlos Alcaraz,Novak Djokovic,0:49:32,2,3,62,0,1,2,0,0,15,1,2,2,27,35,2,1,0,0,1,0,F,0,0,0,0,1,0,1,0,0,0,0,0,0,0,22.24,23.471999999999998,7,93.0,B,0.0,0.0,1
2023-wimbledon-1701,Carlos Alcaraz,Novak Djokovic,0:50:22,2,3,63,0,1,2,0,15,15,1,1,2,28,35,2,1,0,0,1,0,F,0,0,0,0,0,0,0,0,0,0,0,0,0,0,70.345,65.676,19,125.0,B,0.0,0.0,1
2023-wimbledon-1701,Carlos Alcaraz,Novak Djokovic,0:51:25,2,3,64,0,1,2,0,30,15,1,1,1,28,36,2,1,0,0,0,1,F,0,0,0,0,1,0,0,0,0,0,0,0,0,0,23.891,17.817,4,120.0,W,0.0,nan,1
2023-wimbledon-1701,Carlos Alcaraz,Novak Djokovic,0:52:06,2,3,65,0,1,2,0,30,30,1,2,2,29,36,2,1,0,0,0,0,0,0,0,0,0,0,0,0,0,0,0,0,0,0,0,9.203,8.788,1,112.0,BC,0.0,1.0,1
2023-wimbledon-1701,Carlos Alcaraz,Novak Djokovic,0:52:49,2,3,66,0,1,2,0,40,30,1,1,1,29,37,2,1,0,0,0,0,0,0,0,1,0,0,0,0,0,0,0,0,0,0,0,37.449,35.296,8,122.0,C,0.0,1.0,1
2023-wimbledon-1701,Carlos Alcaraz,Novak Djokovic,0:53:31,2,3,67,0,1,2,0,40,40,1,1,1,29,38,2,1,0,0,0,0,0,0,0,0,0,0,1,0,1,0,0,0,0,0,0,17.41,29.453000000000003,4,115.0,BC,1.0,0.0,1
2023-wimbledon-1701,Carlos Alcaraz,Novak Djokovic,0:54:08,2,3,68,0,1,2,0,40,50,1,2,1,29,39,2,1,0,0,0,0,0,0,0,1,0,0,0,0,0,0,1,0,1,0,0,40.601,51.537,14,92.0,BW,0.0,0.0,1
2023-wimbledon-1701,Carlos Alcaraz,Novak Djokovic,0:56:40,2,4,69,0,1,2,1,0,0,2,1,2,30,39,2,1,0,0,0,0,0,0,0,0,1,0,1,0,0,0,0,0,0,0,0,23.385,16.1,4,109.0,W,1.0,0.0,1
2023-wimbledon-1701,Carlos Alcaraz,Novak Djokovic,0:57:17,2,4,70,0,1,2,1,15,0,2,2,2,31,39,2,1,0,0,0,0,0,0,0,0,0,0,0,0,0,0,0,0,0,0,0,35.028,25.613000000000003,6,109.0,C,0.0,0.0,1
2023-wimbledon-1701,Carlos Alcaraz,Novak Djokovic,0:58:25,2,4,71,0,1,2,1,30,0,2,2,1,31,40,2,1,0,0,0,0,0,0,0,1,0,1,0,0,0,0,0,0,0,0,0,15.210999999999999,15.539000000000001,3,92.0,BC,0.0,1.0,1
2023-wimbledon-1701,Carlos Alcaraz,Novak Djokovic,0:59:14,2,4,72,0,1,2,1,30,15,2,1,1,31,41,2,1,0,0,0,0,0,0,0,0,0,0,0,0,0,0,0,0,0,0,0,4.333,4.169,1,121.0,BW,1.0,1.0,1
2023-wimbledon-1701,Carlos Alcaraz,Novak Djokovic,1:00:04,2,4,73,0,1,2,1,30,30,2,2,2,32,41,2,1,0,0,0,0,0,0,0,0,0,0,0,0,0,0,0,0,0,0,0,7.486000000000001,6.882000000000001,2,99.0,BW,0.0,1.0,1
2023-wimbledon-1701,Carlos Alcaraz,Novak Djokovic,1:01:00,2,4,74,0,1,2,1,40,30,2,1,1,32,42,2,1,0,0,0,0,0,0,0,1,0,0,0,0,0,1,0,0,0,1,0,120.712,93.426,29,118.0,BW,0.0,0.0,1
2023-wimbledon-1701,Carlos Alcaraz,Novak Djokovic,1:02:27,2,4,75,0,1,2,1,40,40,2,1,1,32,43,2,1,0,0,0,1,F,0,0,0,0,0,1,0,1,0,0,0,0,0,0,23.660999999999998,26.537,5,110.0,C,0.0,1.0,1
2023-wimbledon-1701,Carlos Alcaraz,Novak Djokovic,1:03:10,2,4,76,0,1,2,1,40,50,2,1,1,32,44,2,1,0,0,0,0,0,0,0,0,0,0,0,0,0,0,0,0,0,0,0,5.38,4.131,1,122.0,W,1.0,0.0,1
2023-wimbledon-1701,Carlos Alcaraz,Novak Djokovic,1:03:48,2,5,77,0,1,2,2,0,0,1,2,1,32,45,2,1,0,0,0,0,0,0,0,1,0,0,0,0,0,0,0,0,0,0,0,38.935,38.632,10,105.0,B,0.0,0.0,1
2023-wimbledon-1701,Carlos Alcaraz,Novak Djokovic,1:04:49,2,5,78,0,1,2,2,0,15,1,1,2,33,45,2,1,0,0,1,0,0,0,0,0,0,0,0,0,0,0,0,0,0,0,0,6.85,4.499,1,126.0,W,1.0,nan,1
2023-wimbledon-1701,Carlos Alcaraz,Novak Djokovic,1:05:15,2,5,79,0,1,2,2,15,15,1,1,2,34,45,2,1,0,0,0,0,0,0,0,0,1,0,0,0,0,0,0,0,0,0,0,9.265,19.026,3,113.0,W,0.0,1.0,1
2023-wimbledon-1701,Carlos Alcaraz,Novak Djokovic,1:05:42,2,5,80,0,1,2,2,30,15,1,1,2,35,45,2,1,0,0,0,0,0,0,0,0,0,1,0,1,0,0,0,0,0,0,0,28.725,24.976999999999997,7,126.0,C,0.0,0.0,1
2023-wimbledon-1701,Carlos Alcaraz,Novak Djokovic,1:06:16,2,5,81,0,1,2,2,40,15,1,1,1,35,46,2,1,0,0,0,0,0,0,0,0,0,0,0,0,0,0,0,0,0,0,0,6.492000000000001,6.4079999999999995,2,132.0,C,0.0,1.0,1
2023-wimbledon-1701,Carlos Alcaraz,Novak Djokovic,1:06:42,2,5,82,0,1,2,2,40,30,1,1,1,35,47,2,1,0,0,0,0,0,0,0,0,0,0,1,0,1,0,0,0,0,0,0,42.898999999999994,46.159,10,128.0,BW,0.0,1.0,1
2023-wimbledon-1701,Carlos Alcaraz,Novak Djokovic,1:07:32,2,5,83,0,1,2,2,40,40,1,1,2,36,47,2,1,0,0,1,0,B,0,0,0,0,1,0,1,0,0,0,0,0,0,0,21.601999999999997,43.401,5,116.0,B,0.0,0.0,1
2023-wimbledon-1701,Carlos Alcaraz,Novak Djokovic,1:08:08,2,5,84,0,1,2,2,50,40,1,1,1,36,48,2,1,0,0,0,1,F,0,0,0,0,0,0,0,0,0,0,0,0,0,0,10.362,11.423,4,123.0,C,1.0,1.0,1
2023-wimbledon-1701,Carlos Alcaraz,Novak Djokovic,1:08:35,2,5,85,0,1,2,2,40,40,1,2,2,37,48,2,1,0,0,0,0,0,0,0,0,0,0,0,0,0,0,0,0,0,0,0,3.258,3.384,1,124.0,BC,0.0,0.0,1
2023-wimbledon-1701,Carlos Alcaraz,Novak Djokovic,1:09:18,2,5,86,0,1,2,2,50,40,1,1,2,38,48,2,1,0,0,0,0,0,0,0,0,1,0,0,0,0,0,0,0,0,0,0,12.167,14.734000000000002,3,115.0,B,1.0,0.0,1
2023-wimbledon-1701,Carlos Alcaraz,Novak Djokovic,1:11:20,2,6,87,0,1,3,2,0,0,2,1,2,39,48,2,1,0,0,1,0,B,0,0,0,0,0,1,0,0,0,0,0,0,0,0,66.55,79.221,18,122.0,C,1.0,1.0,1
2023-wimbledon-1701,Carlos Alcaraz,Novak Djokovic,1:12:26,2,6,88,0,1,3,2,15,0,2,2,2,40,48,2,1,0,0,1,0,B,0,0,0,0,0,0,0,0,0,0,0,0,0,0,29.366999999999997,32.868,10,95.0,BW,0.0,0.0,1
2023-wimbledon-1701,Carlos Alcaraz,Novak Djokovic,1:13:52,2,6,89,0,1,3,2,30,0,2,2,1,40,49,2,1,0,0,0,0,0,0,0,0,0,0,0,0,0,0,0,0,0,0,0,4.812,4.053,1,101.0,BW,0.0,1.0,1
2023-wimbledon-1701,Carlos Alcaraz,Novak Djokovic,1:14:39,2,6,90,0,1,3,2,30,15,2,1,1,40,50,2,1,0,0,0,1,F,0,0,0,0,0,0,0,0,0,0,0,0,0,0,10.234,7.26,3,115.0,C,0.0,1.0,1
2023-wimbledon-1701,Carlos Alcaraz,Novak Djokovic,1:15:16,2,6,91,0,1,3,2,30,30,2,2,1,40,51,2,1,0,0,0,0,0,0,0,0,0,0,0,0,0,0,0,0,0,0,0,6.781000000000001,8.749,1,84.0,B,0.0,1.0,1
2023-wimbledon-1701,Carlos Alcaraz,Novak Djokovic,1:16:02,2,6,92,0,1,3,2,30,40,2,1,1,40,52,2,1,0,0,0,0,0,0,0,0,0,0,0,0,0,0,0,0,0,0,0,6.068,5.941,1,124.0,BW,1.0,1.0,1
2023-wimbledon-1701,Carlos Alcaraz,Novak Djokovic,1:16:45,2,7,93,0,1,3,3,0,0,1,2,2,41,52,2,1,0,0,1,0,F,0,0,0,0,1,0,1,0,0,0,0,0,0,0,22.136999999999997,24.886,7,109.0,B,0.0,0.0,1
2023-wimbledon-1701,Carlos Alcaraz,Novak Djokovic,1:17:34,2,7,94,0,1,3,3,15,0,1,1,2,42,52,2,1,0,0,1,0,B,0,0,0,0,0,1,0,0,0,0,0,0,0,0,67.92699999999999,70.53,11,129.0,W,0.0,0.0,1
2023-wimbledon-1701,Carlos Alcaraz,Novak Djokovic,1:18:29,2,7,95,0,1,3,3,30,0,1,2,2,43,52,2,1,0,0,1,0,F,0,0,0,0,0,0,0,0,0,0,0,0,0,0,7.749,7.247999999999999,3,100.0,BC,0.0,0.0,1
2023-wimbledon-1701,Carlos Alcaraz,Novak Djokovic,1:19:11,2,7,96,0,1,3,3,40,0,1,1,2,44,52,2,1,1,0,1,0,0,0,0,0,0,0,0,0,0,0,0,0,0,0,0,0.6940000000000001,0.879,1,119.0,W,1.0,nan,1
2023-wimbledon-1701,Carlos Alcaraz,Novak Djokovic,1:21:22,2,8,97,0,1,4,3,0,0,2,2,1,44,53,2,1,0,0,0,1,F,0,0,0,0,0,0,0,0,0,0,0,0,0,0,10.209,8.91,3,104.0,BW,0.0,0.0,1
2023-wimbledon-1701,Carlos Alcaraz,Novak Djokovic,1:22:31,2,8,98,0,1,4,3,0,15,2,1,2,45,53,2,1,0,0,0,0,0,0,0,0,0,0,0,0,0,0,0,0,0,0,0,47.513000000000005,40.412,12,115.0,C,0.0,0.0,1
2023-wimbledon-1701,Carlos Alcaraz,Novak Djokovic,1:23:20,2,8,99,0,1,4,3,15,15,2,2,1,45,54,2,1,0,0,0,0,0,0,0,0,0,0,0,0,0,0,0,0,0,0,0,35.813,32.302,9,91.0,C,0.0,0.0,1
2023-wimbledon-1701,Carlos Alcaraz,Novak Djokovic,1:24:23,2,8,100,0,1,4,3,15,30,2,2,1,45,55,2,1,0,0,0,0,0,0,0,0,0,0,0,0,0,0,0,0,0,0,0,13.187999999999999,8.947000000000001,3,88.0,B,0.0,1.0,1
2023-wimbledon-1701,Carlos Alcaraz,Novak Djokovic,1:25:13,2,8,101,0,1,4,3,15,40,2,2,1,45,56,2,1,0,0,0,0,0,0,0,1,0,1,0,0,0,0,0,0,0,0,0,5.9910000000000005,3.844,1,91.0,BC,0.0,1.0,1
2023-wimbledon-1701,Carlos Alcaraz,Novak Djokovic,1:26:03,2,9,102,0,1,4,4,0,0,1,1,1,45,57,2,1,0,0,0,0,0,0,0,1,0,0,0,0,0,0,0,0,0,0,0,5.136,7.151,2,124.0,C,0.0,0.0,1
2023-wimbledon-1701,Carlos Alcaraz,Novak Djokovic,1:26:31,2,9,103,0,1,4,4,0,15,1,2,2,46,57,2,1,0,0,1,0,F,0,0,0,0,0,0,0,0,0,0,0,0,0,0,21.813000000000002,24.744,7,108.0,C,0.0,0.0,1
2023-wimbledon-1701,Carlos Alcaraz,Novak Djokovic,1:28:01,2,9,104,0,1,4,4,15,15,1,1,2,47,57,2,1,1,0,1,0,0,0,0,0,0,0,0,0,0,0,0,0,0,0,0,4.555,4.901,1,116.0,W,1.0,1.0,1
2023-wimbledon-1701,Carlos Alcaraz,Novak Djokovic,1:28:26,2,9,105,0,1,4,4,30,15,1,1,2,48,57,2,1,0,0,0,0,0,0,0,0,0,0,0,0,0,0,0,0,0,0,0,24.445,27.729,5,114.0,C,0.0,0.0,1
2023-wimbledon-1701,Carlos Alcaraz,Novak Djokovic,1:29:17,2,9,106,0,1,4,4,40,15,1,2,2,49,57,2,1,0,0,0,0,0,0,0,0,0,0,0,0,0,0,0,0,0,0,0,7.039,5.74,1,109.0,W,1.0,0.0,1
2023-wimbledon-1701,Carlos Alcaraz,Novak Djokovic,1:31:34,2,10,107,0,1,5,4,0,0,2,1,2,50,57,2,1,0,0,0,0,0,0,0,0,1,0,0,0,0,0,0,0,0,0,0,9.818,8.185,2,125.0,C,1.0,1.0,1
2023-wimbledon-1701,Carlos Alcaraz,Novak Djokovic,1:32:06,2,10,108,0,1,5,4,15,0,2,1,1,50,58,2,1,0,0,0,0,0,0,0,1,0,0,1,0,1,0,0,0,0,0,0,22.897,21.393,5,119.0,C,0.0,0.0,1
2023-wimbledon-1701,Carlos Alcaraz,Novak Djokovic,1:32:50,2,10,109,0,1,5,4,15,15,2,1,1,50,59,2,1,0,0,0,0,0,0,0,0,0,0,0,0,0,0,0,0,0,0,0,38.314,9.701,3,109.0,W,0.0,0.0,1
2023-wimbledon-1701,Carlos Alcaraz,Novak Djokovic,1:33:21,2,10,110,0,1,5,4,15,30,2,1,2,51,59,2,1,0,0,0,0,0,0,0,0,0,0,0,0,0,0,0,0,0,0,0,31.111,23.964000000000002,8,115.0,C,0.0,0.0,1
2023-wimbledon-1701,Carlos Alcaraz,Novak Djokovic,1:35:06,2,10,111,0,1,5,4,30,30,2,1,1,51,60,2,1,0,0,0,0,0,0,0,1,0,0,0,0,0,0,0,0,0,0,0,11.433,8.411,3,113.0,BW,0.0,0.0,1
2023-wimbledon-1701,Carlos Alcaraz,Novak Djokovic,1:35:40,2,10,112,0,1,5,4,30,40,2,1,2,52,60,2,1,0,0,0,0,0,0,0,0,0,0,0,0,0,0,0,0,0,0,0,15.698,11.503,4,123.0,BW,0.0,0.0,1
2023-wimbledon-1701,Carlos Alcaraz,Novak Djokovic,1:36:21,2,10,113,0,1,5,4,40,40,2,1,1,52,61,2,1,0,0,0,0,0,0,0,1,0,0,0,0,0,0,0,0,0,0,0,46.148999999999994,41.891999999999996,13,115.0,BW,0.0,0.0,1
2023-wimbledon-1701,Carlos Alcaraz,Novak Djokovic,1:37:19,2,10,114,0,1,5,4,40,50,2,2,1,52,62,2,1,0,0,0,0,0,0,0,0,0,0,0,0,0,0,0,0,0,0,0,44.282,51.118,9,85.0,B,0.0,1.0,1
2023-wimbledon-1701,Carlos Alcaraz,Novak Djokovic,1:38:38,2,11,115,0,1,5,5,0,0,1,2,1,52,63,2,1,0,0,0,0,0,0,0,1,0,0,0,0,0,0,0,0,0,0,0,15.082,12.785,4,106.0,BW,0.0,1.0,1
2023-wimbledon-1701,Carlos Alcaraz,Novak Djokovic,1:39:23,2,11,116,0,1,5,5,0,15,1,2,2,53,63,2,1,0,0,0,0,0,0,0,0,0,0,0,0,0,0,0,0,0,0,0,51.17100000000001,77.904,15,101.0,BW,0.0,0.0,1
2023-wimbledon-1701,Carlos Alcaraz,Novak Djokovic,1:40:32,2,11,117,0,1,5,5,15,15,1,1,2,54,63,2,1,0,0,0,0,0,0,0,0,0,0,0,0,0,0,0,0,0,0,0,8.185,5.147,1,110.0,W,1.0,1.0,1
2023-wimbledon-1701,Carlos Alcaraz,Novak Djokovic,1:41:01,2,11,118,0,1,5,5,30,15,1,1,2,55,63,2,1,0,0,0,0,0,0,0,0,0,0,0,0,0,0,0,0,0,0,0,2.423,2.431,1,132.0,B,0.0,1.0,1
2023-wimbledon-1701,Carlos Alcaraz,Novak Djokovic,1:41:28,2,11,119,0,1,5,5,40,15,1,1,2,56,63,2,1,0,0,0,0,0,0,0,0,0,0,0,0,0,0,0,0,0,0,0,11.46,11.333,1,126.0,C,1.0,0.0,1
2023-wimbledon-1701,Carlos Alcaraz,Novak Djokovic,1:43:24,2,12,120,0,1,6,5,0,0,2,1,1,56,64,2,1,0,0,0,1,B,0,0,0,0,0,0,0,0,0,0,0,0,0,0,26.375999999999998,15.557,5,122.0,C,1.0,0.0,1
2023-wimbledon-1701,Carlos Alcaraz,Novak Djokovic,1:44:03,2,12,121,0,1,6,5,0,15,2,2,2,57,64,2,1,0,0,0,0,0,0,1,0,1,0,0,0,0,0,0,0,0,0,0,12.01,7.6579999999999995,0,nan,C,1.0,0.0,1
2023-wimbledon-1701,Carlos Alcaraz,Novak Djokovic,1:45:02,2,12,122,0,1,6,5,15,15,2,2,1,57,65,2,1,0,0,0,0,0,0,0,0,0,0,0,0,0,0,0,0,0,0,0,4.405,3.63,1,103.0,BW,0.0,1.0,1
2023-wimbledon-1701,Carlos Alcaraz,Novak Djokovic,1:45:46,2,12,123,0,1,6,5,15,30,2,1,2,58,65,2,1,0,0,0,0,0,0,0,0,1,0,0,0,0,0,0,0,0,0,0,57.365,26.816999999999997,8,122.0,C,0.0,1.0,1
2023-wimbledon-1701,Carlos Alcaraz,Novak Djokovic,1:46:31,2,12,124,0,1,6,5,30,30,2,1,1,58,66,2,1,0,0,0,0,0,0,0,0,0,0,0,0,0,0,0,0,0,0,0,20.863000000000003,8.984,1,123.0,C,0.0,1.0,1
2023-wimbledon-1701,Carlos Alcaraz,Novak Djokovic,1:46:59,2,12,125,0,1,6,5,30,40,2,1,1,58,67,2,1,0,0,0,0,0,0,0,0,0,0,0,0,0,0,0,0,0,0,0,9.221,4.985,1,121.0,C,0.0,1.0,1
2023-wimbledon-1701,Carlos Alcaraz,Novak Djokovic,1:47:38,2,13,126,0,1,6,6,0,0,1,2,1,58,68,2,1,0,0,0,0,0,0,0,1,0,0,0,0,0,0,0,0,0,0,0,18.221,19.372,4,106.0,BC,0.0,1.0,1
2023-wimbledon-1701,Carlos Alcaraz,Novak Djokovic,1:48:37,2,13,127,0,1,6,6,0,1,2,1,1,58,69,2,1,0,0,0,0,0,0,0,0,0,0,0,0,0,0,0,0,0,0,0,14.208,9.977,1,118.0,C,0.0,1.0,1
2023-wimbledon-1701,Carlos Alcaraz,Novak Djokovic,1:49:07,2,13,128,0,1,6,6,0,2,2,1,1,58,70,2,1,0,0,0,0,0,0,0,0,0,0,0,0,0,0,0,0,0,0,0,7.534,5.2589999999999995,1,124.0,C,0.0,0.0,1
2023-wimbledon-1701,Carlos Alcaraz,Novak Djokovic,1:49:43,2,13,129,0,1,6,6,0,3,1,1,2,59,70,2,1,0,0,0,0,0,0,0,0,0,0,0,0,0,0,0,0,0,0,0,3.906,7.066,1,128.0,W,1.0,1.0,1
2023-wimbledon-1701,Carlos Alcaraz,Novak Djokovic,1:50:07,2,13,130,0,1,6,6,1,3,1,1,2,60,70,2,1,1,0,1,0,0,0,0,0,0,0,0,0,0,0,0,0,0,0,0,0.88,0.917,1,109.0,W,1.0,nan,1
2023-wimbledon-1701,Carlos Alcaraz,Novak Djokovic,1:50:45,2,13,131,0,1,6,6,2,3,2,1,2,61,70,2,1,0,0,0,0,0,0,0,0,1,0,0,0,0,0,0,0,0,0,0,17.479,7.601,2,123.0,W,1.0,0.0,1
2023-wimbledon-1701,Carlos Alcaraz,Novak Djokovic,1:51:49,2,13,132,0,1,6,6,3,3,2,1,1,61,71,2,1,0,0,0,0,0,0,0,0,0,0,0,0,0,0,0,0,0,0,0,25.206,13.675999999999998,5,122.0,C,0.0,0.0,1
2023-wimbledon-1701,Carlos Alcaraz,Novak Djokovic,1:52:29,2,13,133,0,1,6,6,3,4,1,2,2,62,71,2,1,0,0,1,0,F,0,0,0,0,0,0,0,0,0,0,0,0,0,0,7.205,9.965,3,101.0,W,1.0,0.0,1
2023-wimbledon-1701,Carlos Alcaraz,Novak Djokovic,1:53:15,2,13,134,0,1,6,6,4,4,1,1,2,63,71,2,1,0,0,1,0,F,0,0,0,0,0,0,0,0,0,0,0,0,0,0,49.102,57.632,13,128.0,C,0.0,0.0,1
2023-wimbledon-1701,Carlos Alcaraz,Novak Djokovic,1:54:58,2,13,135,0,1,6,6,5,4,2,2,1,63,72,2,1,0,0,0,0,0,0,0,0,0,1,0,0,0,0,0,0,0,0,0,19.692,21.44,5,112.0,BC,0.0,0.0,1
2023-wimbledon-1701,Carlos Alcaraz,Novak Djokovic,1:56:00,2,13,136,0,1,6,6,5,5,2,1,1,63,73,2,1,0,0,0,1,B,0,0,0,0,1,0,0,0,0,0,0,0,0,0,56.398,56.597,17,121.0,C,0.0,1.0,1
2023-wimbledon-1701,Carlos Alcaraz,Novak Djokovic,1:57:02,2,13,137,0,1,6,6,5,6,1,1,2,64,73,2,1,0,0,0,0,0,0,0,0,1,0,0,0,0,0,0,0,0,0,0,22.045,10.921,3,120.0,W,0.0,1.0,1
2023-wimbledon-1701,Carlos Alcaraz,Novak Djokovic,1:58:15,2,13,138,0,1,6,6,6,6,1,2,2,65,73,2,1,0,0,0,0,0,0,0,0,1,0,0,0,0,0,0,0,0,0,0,10.338,11.190999999999999,3,97.0,BC,1.0,0.0,1
2023-wimbledon-1701,Carlos Alcaraz,Novak Djokovic,1:59:06,2,13,139,0,1,6,6,7,6,2,1,2,66,73,2,1,0,0,1,0,B,0,0,0,0,0,1,0,0,0,0,0,0,0,0,5.329,5.955,2,118.0,W,1.0,1.0,1
2023-wimbledon-1701,Carlos Alcaraz,Novak Djokovic,2:02:01,3,1,140,1,1,0,0,0,0,2,1,2,67,73,2,1,0,0,0,0,0,0,0,0,1,0,0,0,0,0,0,0,0,0,0,14.737,7.867000000000001,2,106.0,W,1.0,1.0,1
2023-wimbledon-1701,Carlos Alcaraz,Novak Djokovic,2:02:31,3,1,141,1,1,0,0,15,0,2,1,1,67,74,2,1,0,0,0,0,0,0,0,1,0,0,0,0,0,0,0,0,0,0,0,48.376000000000005,52.512,13,121.0,W,0.0,1.0,1
2023-wimbledon-1701,Carlos Alcaraz,Novak Djokovic,2:03:20,3,1,142,1,1,0,0,15,15,2,1,1,67,75,2,1,0,1,0,1,0,0,0,0,0,0,0,0,0,0,0,0,0,0,0,6.1610000000000005,4.586,1,110.0,W,1.0,nan,1
2023-wimbledon-1701,Carlos Alcaraz,Novak Djokovic,2:04:02,3,1,143,1,1,0,0,15,30,2,1,2,68,75,2,1,0,0,1,0,B,0,0,0,0,0,0,0,0,0,0,0,0,0,0,21.503,16.386,6,123.0,W,0.0,0.0,1
2023-wimbledon-1701,Carlos Alcaraz,Novak Djokovic,2:04:40,3,1,144,1,1,0,0,30,30,2,1,2,69,75,2,1,0,0,0,0,0,0,0,0,0,1,0,1,0,0,0,0,0,0,0,61.566,40.594,10,109.0,W,1.0,0.0,1
2023-wimbledon-1701,Carlos Alcaraz,Novak Djokovic,2:05:29,3,1,145,1,1,0,0,40,30,2,2,1,69,76,2,1,0,0,0,0,0,0,0,1,0,0,0,0,0,1,0,0,0,1,0,6.132999999999999,5.221,1,91.0,W,1.0,1.0,1
2023-wimbledon-1701,Carlos Alcaraz,Novak Djokovic,2:06:14,3,1,146,1,1,0,0,40,40,2,1,2,70,76,2,1,0,0,1,0,B,0,0,0,0,0,1,0,0,0,0,0,0,0,0,40.155,39.991,12,125.0,B,0.0,0.0,1
2023-wimbledon-1701,Carlos Alcaraz,Novak Djokovic,2:07:43,3,1,147,1,1,0,0,50,40,2,2,2,71,76,2,1,0,0,0,0,0,0,0,0,1,0,0,0,0,1,0,1,0,0,0,17.37,16.764,4,83.0,B,0.0,0.0,1
2023-wimbledon-1701,Carlos Alcaraz,Novak Djokovic,2:09:21,3,2,148,1,1,1,0,0,0,1,1,1,71,77,2,1,0,0,0,0,0,0,0,1,0,0,0,0,0,0,0,0,0,0,0,82.852,81.82,18,113.0,BW,0.0,nan,1
2023-wimbledon-1701,Carlos Alcaraz,Novak Djokovic,2:10:13,3,2,149,1,1,1,0,0,15,1,1,2,72,77,2,1,0,0,0,0,0,0,0,0,0,0,0,0,0,0,0,0,0,0,0,6.12,8.533999999999999,1,120.0,C,0.0,0.0,1
2023-wimbledon-1701,Carlos Alcaraz,Novak Djokovic,2:10:37,3,2,150,1,1,1,0,15,15,1,1,2,73,77,2,1,0,0,0,0,0,0,0,0,0,0,0,0,0,0,0,0,0,0,0,4.728,7.153,1,120.0,BC,1.0,1.0,1
2023-wimbledon-1701,Carlos Alcaraz,Novak Djokovic,2:11:03,3,2,151,1,1,1,0,30,15,1,2,2,74,77,2,1,0,0,0,0,0,0,0,0,1,0,0,0,0,0,0,0,0,0,0,12.798,9.835,3,91.0,BW,0.0,1.0,1
2023-wimbledon-1701,Carlos Alcaraz,Novak Djokovic,2:11:49,3,2,152,1,1,1,0,40,15,1,2,1,74,78,2,1,0,0,0,0,0,0,0,1,0,0,0,0,0,0,0,0,0,0,0,17.795,20.948,4,96.0,B,0.0,1.0,1
2023-wimbledon-1701,Carlos Alcaraz,Novak Djokovic,2:12:32,3,2,153,1,1,1,0,40,30,1,1,2,75,78,2,1,0,0,0,0,0,0,0,0,0,0,0,0,0,0,0,0,0,0,0,5.943,9.73,1,126.0,B,0.0,0.0,1
2023-wimbledon-1701,Carlos Alcaraz,Novak Djokovic,2:13:01,3,3,154,1,1,2,0,0,0,2,1,1,75,79,2,1,0,0,0,0,0,0,0,0,0,0,0,0,0,0,0,0,0,0,0,5.689,4.021,1,120.0,C,0.0,0.0,1
2023-wimbledon-1701,Carlos Alcaraz,Novak Djokovic,2:13:21,3,3,155,1,1,2,0,0,15,2,1,2,76,79,2,1,0,0,1,0,F,0,0,0,0,1,0,1,0,0,0,0,0,0,0,59.146,47.871,16,120.0,W,0.0,1.0,1
2023-wimbledon-1701,Carlos Alcaraz,Novak Djokovic,2:14:16,3,3,156,1,1,2,0,15,15,2,1,2,77,79,2,1,0,0,0,0,0,0,0,0,1,0,0,0,0,0,0,0,0,0,0,22.259,21.156,6,120.0,C,0.0,1.0,1
2023-wimbledon-1701,Carlos Alcaraz,Novak Djokovic,2:14:54,3,3,157,1,1,2,0,30,15,2,2,1,77,80,2,1,0,0,0,0,0,0,0,0,0,0,1,0,1,0,0,0,0,0,0,50.638000000000005,36.217,11,101.0,BW,1.0,0.0,1
2023-wimbledon-1701,Carlos Alcaraz,Novak Djokovic,2:16:00,3,3,158,1,1,2,0,30,30,2,1,1,77,81,2,1,0,0,0,0,0,0,0,0,0,0,0,0,0,0,0,0,0,0,0,10.845,5.871,1,115.0,W,1.0,1.0,1
2023-wimbledon-1701,Carlos Alcaraz,Novak Djokovic,2:16:45,3,3,159,1,1,2,0,30,40,2,2,1,77,82,2,1,0,0,0,0,0,0,0,0,0,0,0,0,0,0,0,0,0,0,0,6.171,4.287,1,109.0,BC,0.0,0.0,1
2023-wimbledon-1701,Carlos Alcaraz,Novak Djokovic,2:19:00,3,4,160,1,1,2,1,0,0,1,1,2,78,82,2,1,0,0,0,0,0,0,0,0,1,0,0,0,0,0,0,0,0,0,0,36.010999999999996,77.318,11,115.0,W,1.0,0.0,1
2023-wimbledon-1701,Carlos Alcaraz,Novak Djokovic,2:19:40,3,4,161,1,1,2,1,15,0,1,1,1,78,83,2,1,0,0,0,0,0,0,0,1,0,1,0,0,0,0,0,0,0,0,0,9.308,12.899000000000001,2,114.0,C,0.0,0.0,1
2023-wimbledon-1701,Carlos Alcaraz,Novak Djokovic,2:20:07,3,4,162,1,1,2,1,15,15,1,1,1,78,84,2,1,0,0,0,0,0,0,0,1,0,1,0,0,0,0,0,0,0,0,0,15.465,16.482,4,113.0,BC,0.0,0.0,1
2023-wimbledon-1701,Carlos Alcaraz,Novak Djokovic,2:20:41,3,4,163,1,1,2,1,15,30,1,2,1,78,85,2,1,0,0,0,0,0,0,0,1,0,0,0,0,0,0,0,0,0,0,0,33.253,33.692,10,102.0,BW,0.0,0.0,1
2023-wimbledon-1701,Carlos Alcaraz,Novak Djokovic,2:21:37,3,4,164,1,1,2,1,15,40,1,2,2,79,85,2,1,0,0,0,0,0,0,0,0,1,0,0,0,0,0,1,0,0,0,1,30.944000000000003,34.291,9,102.0,BC,0.0,0.0,1
2023-wimbledon-1701,Carlos Alcaraz,Novak Djokovic,2:22:32,3,4,165,1,1,2,1,30,40,1,2,2,80,85,2,1,0,0,1,0,0,0,0,0,0,0,0,0,0,0,1,0,0,0,1,1.526,1.5319999999999998,1,112.0,BC,0.0,nan,1
2023-wimbledon-1701,Carlos Alcaraz,Novak Djokovic,2:23:42,3,4,166,1,1,2,1,40,40,1,2,2,81,85,2,1,0,0,1,0,F,0,0,0,0,1,0,1,0,0,0,0,0,0,0,11.614,10.625,3,97.0,C,0.0,0.0,1
2023-wimbledon-1701,Carlos Alcaraz,Novak Djokovic,2:24:29,3,4,167,1,1,2,1,50,40,1,1,2,82,85,2,1,0,0,0,0,0,0,0,0,0,0,0,0,0,0,0,0,0,0,0,7.867000000000001,6.42,1,128.0,C,0.0,1.0,1
2023-wimbledon-1701,Carlos Alcaraz,Novak Djokovic,2:26:08,3,5,168,1,1,3,1,0,0,2,1,2,83,85,2,1,0,0,0,0,0,0,0,0,0,0,1,0,0,0,0,0,0,0,0,11.662,11.26,2,109.0,W,0.0,nan,1
2023-wimbledon-1701,Carlos Alcaraz,Novak Djokovic,2:26:35,3,5,169,1,1,3,1,15,0,2,2,1,83,86,2,1,0,0,0,0,0,0,0,0,0,0,0,0,0,0,0,0,0,0,0,5.66,5.121,1,109.0,BC,0.0,1.0,1
2023-wimbledon-1701,Carlos Alcaraz,Novak Djokovic,2:27:11,3,5,170,1,1,3,1,15,15,2,2,1,83,87,2,1,0,0,0,0,0,0,0,0,0,0,0,0,0,0,0,0,0,0,0,11.628,10.26,3,87.0,BC,0.0,1.0,1
2023-wimbledon-1701,Carlos Alcaraz,Novak Djokovic,2:28:31,3,5,171,1,1,3,1,15,30,2,2,1,83,88,2,1,0,0,0,1,B,0,0,0,0,0,1,0,1,0,0,0,0,0,0,22.346999999999998,20.587,5,84.0,BW,0.0,0.0,1
2023-wimbledon-1701,Carlos Alcaraz,Novak Djokovic,2:29:41,3,5,172,1,1,3,1,15,40,2,2,2,84,88,2,1,0,0,1,0,F,0,0,0,0,1,0,1,0,0,0,0,0,0,0,14.057,10.284,4,92.0,C,0.0,0.0,1
2023-wimbledon-1701,Carlos Alcaraz,Novak Djokovic,2:30:22,3,5,173,1,1,3,1,30,40,2,1,2,85,88,2,1,0,0,0,0,0,0,0,0,1,0,0,0,0,0,0,0,0,0,0,10.594000000000001,9.202,2,118.0,BW,0.0,0.0,1
2023-wimbledon-1701,Carlos Alcaraz,Novak Djokovic,2:30:52,3,5,174,1,1,3,1,40,40,2,2,1,85,89,2,1,0,0,0,1,F,0,0,0,0,0,1,0,1,0,0,0,0,0,0,8.527999999999999,5.6,3,98.0,C,0.0,0.0,1
2023-wimbledon-1701,Carlos Alcaraz,Novak Djokovic,2:31:32,3,5,175,1,1,3,1,40,50,2,2,2,86,89,2,1,0,0,0,0,0,0,0,0,0,0,0,0,0,0,0,0,0,0,0,49.295,41.442,12,93.0,B,0.0,0.0,1
2023-wimbledon-1701,Carlos Alcaraz,Novak Djokovic,2:32:34,3,5,176,1,1,3,1,40,40,2,1,1,86,90,2,1,0,0,0,1,B,0,0,0,0,0,0,0,0,0,0,0,0,0,0,30.711,22.401,9,110.0,W,1.0,0.0,1
2023-wimbledon-1701,Carlos Alcaraz,Novak Djokovic,2:33:15,3,5,177,1,1,3,1,40,50,2,1,2,87,90,2,1,0,0,0,0,0,0,0,0,1,0,0,0,0,0,0,0,0,0,0,17.179000000000002,9.529,2,115.0,BW,1.0,0.0,1
2023-wimbledon-1701,Carlos Alcaraz,Novak Djokovic,2:34:06,3,5,178,1,1,3,1,40,40,2,1,2,88,90,2,1,0,0,0,0,0,0,0,0,1,0,0,0,0,0,0,0,0,0,0,12.06,8.731,2,120.0,C,0.0,1.0,1
2023-wimbledon-1701,Carlos Alcaraz,Novak Djokovic,2:34:44,3,5,179,1,1,3,1,50,40,2,1,1,88,91,2,1,0,0,0,0,0,0,0,0,0,0,0,0,0,1,0,0,0,1,0,23.133000000000003,17.896,5,122.0,C,0.0,1.0,1
2023-wimbledon-1701,Carlos Alcaraz,Novak Djokovic,2:35:17,3,5,180,1,1,3,1,40,40,2,2,1,88,92,2,1,0,0,0,1,F,0,0,0,0,0,0,0,0,0,0,0,0,0,0,19.597,19.454,7,105.0,B,0.0,0.0,1
2023-wimbledon-1701,Carlos Alcaraz,Novak Djokovic,2:36:24,3,5,181,1,1,3,1,40,50,2,1,2,89,92,2,1,0,0,0,0,0,0,0,0,1,0,0,0,0,0,0,0,0,0,0,16.92,13.841,4,109.0,C,0.0,0.0,1
2023-wimbledon-1701,Carlos Alcaraz,Novak Djokovic,2:38:07,3,5,182,1,1,3,1,40,40,2,2,2,90,92,2,1,0,0,0,0,0,0,1,0,1,0,0,0,0,0,0,0,0,0,0,4.841,3.234,0,nan,W,1.0,0.0,1
2023-wimbledon-1701,Carlos Alcaraz,Novak Djokovic,2:38:49,3,5,183,1,1,3,1,50,40,2,1,1,90,93,2,1,0,0,0,0,0,0,0,0,0,0,0,0,0,1,0,0,0,1,0,26.683000000000003,28.15,7,118.0,W,0.0,1.0,1
2023-wimbledon-1701,Carlos Alcaraz,Novak Djokovic,2:39:29,3,5,184,1,1,3,1,40,40,2,1,1,90,94,2,1,0,0,0,1,F,0,0,0,0,0,1,0,1,0,0,0,0,0,0,32.655,18.565,7,120.0,C,0.0,0.0,1
2023-wimbledon-1701,Carlos Alcaraz,Novak Djokovic,2:40:07,3,5,185,1,1,3,1,40,50,2,2,2,91,94,2,1,0,0,0,0,0,0,0,0,0,0,0,0,0,0,0,0,0,0,0,9.576,7.279,2,89.0,BW,0.0,0.0,1
2023-wimbledon-1701,Carlos Alcaraz,Novak Djokovic,2:41:01,3,5,186,1,1,3,1,40,40,2,2,2,92,94,2,1,0,0,0,0,0,0,0,0,1,0,0,0,0,0,0,0,0,0,0,49.941,49.722,14,111.0,BW,0.0,0.0,1
2023-wimbledon-1701,Carlos Alcaraz,Novak Djokovic,2:42:05,3,5,187,1,1,3,1,50,40,2,1,1,92,95,2,1,0,0,0,0,0,0,0,0,0,0,1,0,1,1,0,0,0,1,0,15.414000000000001,12.083,3,117.0,C,0.0,0.0,1
2023-wimbledon-1701,Carlos Alcaraz,Novak Djokovic,2:42:38,3,5,188,1,1,3,1,40,40,2,1,1,92,96,2,1,0,0,0,0,0,0,0,1,0,0,0,0,0,0,0,0,0,0,0,21.307,19.945999999999998,5,122.0,C,0.0,0.0,1
2023-wimbledon-1701,Carlos Alcaraz,Novak Djokovic,2:43:11,3,5,189,1,1,3,1,40,50,2,1,2,93,96,2,1,0,0,0,0,0,0,0,0,1,0,0,0,0,0,0,0,0,0,0,39.681,33.505,10,120.0,BC,0.0,0.0,1
2023-wimbledon-1701,Carlos Alcaraz,Novak Djokovic,2:44:03,3,5,190,1,1,3,1,40,40,2,2,2,94,96,2,1,0,0,0,0,0,0,0,0,0,0,0,0,0,0,0,0,0,0,0,32.354,34.417,8,93.0,B,0.0,0.0,1
2023-wimbledon-1701,Carlos Alcaraz,Novak Djokovic,2:45:06,3,5,191,1,1,3,1,50,40,2,1,1,94,97,2,1,0,0,0,0,0,0,0,0,0,0,1,0,1,1,0,0,0,1,0,18.119,15.185,3,122.0,W,1.0,nan,1
2023-wimbledon-1701,Carlos Alcaraz,Novak Djokovic,2:45:39,3,5,192,1,1,3,1,40,40,2,2,2,95,97,2,1,0,0,0,0,0,0,0,0,1,0,1,0,0,0,0,0,0,0,0,24.36,14.498,4,111.0,W,0.0,0.0,1
2023-wimbledon-1701,Carlos Alcaraz,Novak Djokovic,2:46:35,3,5,193,1,1,3,1,50,40,2,1,1,95,98,2,1,0,0,0,0,0,0,0,0,0,0,0,0,0,1,0,0,0,1,0,8.69,5.85,1,120.0,C,0.0,0.0,1
2023-wimbledon-1701,Carlos Alcaraz,Novak Djokovic,2:47:01,3,5,194,1,1,3,1,40,40,2,1,2,96,98,2,1,0,0,0,0,0,0,0,0,0,0,0,0,0,0,0,0,0,0,0,33.074,32.149,8,118.0,C,1.0,1.0,1
2023-wimbledon-1701,Carlos Alcaraz,Novak Djokovic,2:47:47,3,5,195,1,1,3,1,50,40,2,2,1,96,99,2,1,0,0,0,0,0,0,0,0,0,0,0,0,0,1,0,0,0,1,0,12.75,13.536,1,107.0,BC,0.0,1.0,1
2023-wimbledon-1701,Carlos Alcaraz,Novak Djokovic,2:48:55,3,5,196,1,1,3,1,40,40,2,2,1,96,100,2,1,0,0,0,0,0,0,0,1,0,0,0,0,0,0,0,0,0,0,0,33.545,25.644000000000002,9,102.0,BW,0.0,0.0,1
2023-wimbledon-1701,Carlos Alcaraz,Novak Djokovic,2:50:04,3,5,197,1,1,3,1,40,50,2,2,2,97,100,2,1,0,0,1,0,B,0,0,0,0,0,1,0,0,0,0,0,0,0,0,41.181000000000004,29.979,10,101.0,BC,0.0,0.0,1
2023-wimbledon-1701,Carlos Alcaraz,Novak Djokovic,2:51:11,3,5,198,1,1,3,1,40,40,2,1,2,98,100,2,1,0,0,0,0,0,0,0,0,1,0,0,0,0,0,0,0,0,0,0,51.821999999999996,38.664,10,113.0,W,1.0,0.0,1
2023-wimbledon-1701,Carlos Alcaraz,Novak Djokovic,2:52:06,3,5,199,1,1,3,1,50,40,2,1,2,99,100,2,1,0,0,0,0,0,0,0,0,1,0,0,0,0,1,0,1,0,0,0,8.884,6.6579999999999995,2,123.0,B,1.0,0.0,1
2023-wimbledon-1701,Carlos Alcaraz,Novak Djokovic,2:54:24,3,6,200,1,1,4,1,0,0,1,1,2,100,100,2,1,0,0,0,0,0,0,0,0,0,0,0,0,0,0,0,0,0,0,0,8.389,9.606,1,129.0,B,0.0,1.0,1
2023-wimbledon-1701,Carlos Alcaraz,Novak Djokovic,2:54:45,3,6,201,1,1,4,1,15,0,1,1,2,101,100,2,1,0,0,0,0,0,0,0,0,1,0,0,0,0,0,0,0,0,0,0,22.923000000000002,24.883000000000003,5,119.0,C,0.0,0.0,1
2023-wimbledon-1701,Carlos Alcaraz,Novak Djokovic,2:55:21,3,6,202,1,1,4,1,30,0,1,1,2,102,100,2,1,0,0,0,0,0,0,0,0,0,0,0,0,0,0,0,0,0,0,0,3.7460000000000004,3.4730000000000003,1,114.0,BC,1.0,0.0,1
2023-wimbledon-1701,Carlos Alcaraz,Novak Djokovic,2:55:41,3,6,203,1,1,4,1,40,0,1,1,1,102,101,1,1,0,0,0,0,0,0,0,0,0,0,0,0,0,0,0,0,0,0,0,6.683,9.283999999999999,2,120.0,W,1.0,1.0,1
2023-wimbledon-1701,Carlos Alcaraz,Novak Djokovic,2:56:03,3,6,204,1,1,4,1,40,15,1,2,2,103,101,1,1,0,0,0,0,0,0,0,0,0,0,0,0,0,0,0,0,0,0,0,10.654000000000002,8.277999999999999,1,112.0,C,0.0,1.0,1
2023-wimbledon-1701,Carlos Alcaraz,Novak Djokovic,2:57:04,3,7,205,1,1,5,1,0,0,2,1,2,104,101,1,1,0,0,1,0,F,0,0,0,0,0,1,0,0,0,0,0,0,0,0,10.872,10.245999999999999,4,111.0,BW,1.0,0.0,1
2023-wimbledon-1701,Carlos Alcaraz,Novak Djokovic,2:57:28,3,7,206,1,1,5,1,15,0,2,2,2,105,101,1,1,0,0,1,0,F,0,0,0,0,0,0,0,0,0,0,0,0,0,0,5.061,3.435,2,108.0,BC,0.0,0.0,1
2023-wimbledon-1701,Carlos Alcaraz,Novak Djokovic,2:58:04,3,7,207,1,1,5,1,30,0,2,1,2,106,101,1,1,0,0,0,0,0,0,0,0,1,0,1,0,0,0,0,0,0,0,0,12.479000000000001,9.074,2,118.0,C,0.0,nan,1
2023-wimbledon-1701,Carlos Alcaraz,Novak Djokovic,2:58:24,3,7,208,1,1,5,1,40,0,2,1,1,106,102,1,1,0,0,0,0,0,0,0,0,0,0,1,0,1,1,0,0,0,1,0,4.957,5.897,1,119.0,BW,0.0,1.0,1
2023-wimbledon-1701,Carlos Alcaraz,Novak Djokovic,2:58:42,3,7,209,1,1,5,1,40,15,2,1,2,107,102,1,1,0,0,1,0,B,0,0,0,0,0,1,0,0,1,0,1,0,0,0,11.257,11.635,4,121.0,BC,0.0,nan,1
2023-wimbledon-1701,Carlos Alcaraz,Novak Djokovic,3:06:09,4,1,210,2,1,0,0,0,0,1,1,1,107,103,1,1,0,0,0,0,0,0,0,0,0,0,0,0,0,0,0,0,0,0,0,17.067,18.813,4,116.0,BW,0.0,0.0,1
2023-wimbledon-1701,Carlos Alcaraz,Novak Djokovic,3:06:36,4,1,211,2,1,0,0,0,15,1,2,1,107,104,1,1,0,0,0,0,0,1,0,1,0,0,0,0,0,0,0,0,0,0,0,3.792,3.847,0,nan,BW,1.0,nan,1
2023-wimbledon-1701,Carlos Alcaraz,Novak Djokovic,3:07:16,4,1,212,2,1,0,0,0,30,1,1,2,108,104,1,1,0,0,0,0,0,0,0,0,0,0,0,0,0,0,0,0,0,0,0,5.53,6.285,1,130.0,C,0.0,0.0,1
2023-wimbledon-1701,Carlos Alcaraz,Novak Djokovic,3:07:56,4,1,213,2,1,0,0,15,30,1,1,2,109,104,1,1,0,0,0,0,0,0,0,0,0,0,0,0,0,0,0,0,0,0,0,18.118,31.364,5,128.0,BW,1.0,0.0,1
2023-wimbledon-1701,Carlos Alcaraz,Novak Djokovic,3:08:31,4,1,214,2,1,0,0,30,30,1,1,2,110,104,1,1,0,0,0,0,0,0,0,0,0,1,0,1,0,0,0,0,0,0,0,36.133,28.944000000000003,5,118.0,BC,0.0,0.0,1
2023-wimbledon-1701,Carlos Alcaraz,Novak Djokovic,3:09:09,4,1,215,2,1,0,0,40,30,1,1,2,111,104,1,1,0,0,0,0,0,0,0,0,0,1,0,1,0,0,0,0,0,0,0,8.777000000000001,21.412,1,123.0,C,0.0,0.0,1
2023-wimbledon-1701,Carlos Alcaraz,Novak Djokovic,3:10:06,4,2,216,2,1,1,0,0,0,2,1,2,112,104,1,1,0,0,0,0,0,0,0,0,0,0,0,0,0,0,0,0,0,0,0,121.06,36.759,12,108.0,BW,0.0,0.0,1
2023-wimbledon-1701,Carlos Alcaraz,Novak Djokovic,3:10:52,4,2,217,2,1,1,0,15,0,2,1,2,113,104,1,1,0,0,1,0,B,0,0,0,0,0,0,0,0,0,0,0,0,0,0,13.512,12.899000000000001,2,123.0,W,1.0,1.0,1
2023-wimbledon-1701,Carlos Alcaraz,Novak Djokovic,3:11:45,4,2,218,2,1,1,0,30,0,2,1,1,113,105,1,1,0,0,0,0,0,0,0,0,0,0,1,0,1,0,0,0,0,0,0,31.47,17.893,3,121.0,C,0.0,0.0,1
2023-wimbledon-1701,Carlos Alcaraz,Novak Djokovic,3:12:16,4,2,219,2,1,1,0,30,15,2,2,2,114,105,1,1,0,0,1,0,F,0,0,0,0,0,0,0,0,0,0,0,0,0,0,11.387,10.959000000000001,4,90.0,B,0.0,0.0,1
2023-wimbledon-1701,Carlos Alcaraz,Novak Djokovic,3:13:16,4,2,220,2,1,1,0,40,15,2,2,1,114,106,1,1,0,0,0,0,0,0,0,0,0,0,0,0,0,1,0,0,0,1,0,30.656,18.453,5,105.0,W,1.0,0.0,1
2023-wimbledon-1701,Carlos Alcaraz,Novak Djokovic,3:14:05,4,2,221,2,1,1,0,40,30,2,1,1,114,107,1,1,0,0,0,0,0,0,0,0,0,0,0,0,0,1,0,0,0,1,0,43.231,20.94,5,117.0,C,0.0,1.0,1
2023-wimbledon-1701,Carlos Alcaraz,Novak Djokovic,3:14:43,4,2,222,2,1,1,0,40,40,2,1,1,114,108,1,1,0,0,0,1,F,0,0,0,0,0,1,0,1,0,0,0,0,0,0,41.1,15.414000000000001,5,124.0,C,1.0,0.0,1
2023-wimbledon-1701,Carlos Alcaraz,Novak Djokovic,3:15:18,4,2,223,2,1,1,0,40,50,2,2,1,114,109,1,1,0,0,0,0,0,0,0,0,0,0,0,0,0,0,0,0,0,0,0,8.022,6.599,1,107.0,C,0.0,0.0,1
2023-wimbledon-1701,Carlos Alcaraz,Novak Djokovic,3:16:06,4,3,224,2,1,1,1,0,0,1,2,2,115,109,1,1,0,0,0,0,0,0,0,0,0,0,0,0,0,0,0,0,0,0,0,3.852,4.127,1,111.0,BC,0.0,1.0,1
2023-wimbledon-1701,Carlos Alcaraz,Novak Djokovic,3:16:43,4,3,225,2,1,1,1,15,0,1,2,1,115,110,1,1,0,0,0,0,0,1,0,1,0,0,0,0,0,0,0,0,0,0,0,5.689,5.561,0,nan,BW,1.0,0.0,1
2023-wimbledon-1701,Carlos Alcaraz,Novak Djokovic,3:17:19,4,3,226,2,1,1,1,15,15,1,1,2,116,110,1,1,0,0,1,0,B,0,0,0,0,1,0,1,0,0,0,0,0,0,0,12.932,13.51,5,123.0,C,0.0,0.0,1
2023-wimbledon-1701,Carlos Alcaraz,Novak Djokovic,3:17:52,4,3,227,2,1,1,1,30,15,1,1,2,117,110,1,1,1,0,1,0,0,0,0,0,0,0,0,0,0,0,0,0,0,0,0,1.0859999999999999,1.156,1,118.0,C,1.0,nan,1
2023-wimbledon-1701,Carlos Alcaraz,Novak Djokovic,3:18:16,4,3,228,2,1,1,1,40,15,1,2,1,117,111,1,1,0,0,0,0,0,0,0,0,0,1,0,0,0,0,0,0,0,0,0,36.918,22.42,6,116.0,C,0.0,1.0,1
2023-wimbledon-1701,Carlos Alcaraz,Novak Djokovic,3:19:10,4,3,229,2,1,1,1,40,30,1,2,1,117,112,1,1,0,0,0,0,0,0,0,0,0,0,0,0,0,0,0,0,0,0,0,15.274000000000001,14.373,4,98.0,W,1.0,1.0,1
2023-wimbledon-1701,Carlos Alcaraz,Novak Djokovic,3:19:56,4,3,230,2,1,1,1,40,40,1,1,2,118,112,1,1,0,0,1,0,B,0,0,0,0,1,0,1,0,0,0,0,0,0,0,16.660999999999998,15.453,5,130.0,BC,1.0,0.0,1
2023-wimbledon-1701,Carlos Alcaraz,Novak Djokovic,3:20:31,4,3,231,2,1,1,1,50,40,1,2,1,118,113,1,1,0,0,0,0,0,1,0,1,0,0,0,0,0,0,0,0,0,0,0,2.932,2.271,0,nan,BC,0.0,nan,1
2023-wimbledon-1701,Carlos Alcaraz,Novak Djokovic,3:21:09,4,3,232,2,1,1,1,40,40,1,1,2,119,113,1,1,1,0,1,0,0,0,0,0,0,0,0,0,0,0,0,0,0,0,0,1.02,0.992,1,114.0,W,1.0,nan,1
2023-wimbledon-1701,Carlos Alcaraz,Novak Djokovic,3:21:39,4,3,233,2,1,1,1,50,40,1,2,1,119,114,1,1,0,0,0,1,F,0,0,0,0,0,0,0,0,0,0,0,0,0,0,20.326,21.163,6,89.0,BW,0.0,0.0,1
2023-wimbledon-1701,Carlos Alcaraz,Novak Djokovic,3:22:27,4,3,234,2,1,1,1,40,40,1,2,2,120,114,1,1,0,0,1,0,F,0,0,0,0,1,0,1,0,0,0,0,0,0,0,48.67100000000001,52.041000000000004,15,102.0,BW,0.0,1.0,1
2023-wimbledon-1701,Carlos Alcaraz,Novak Djokovic,3:23:33,4,3,235,2,1,1,1,50,40,1,1,2,121,114,1,1,0,0,0,0,0,0,0,0,1,0,0,0,0,0,0,0,0,0,0,16.84,13.017999999999999,3,114.0,BW,1.0,1.0,1
2023-wimbledon-1701,Carlos Alcaraz,Novak Djokovic,3:25:30,4,4,236,2,1,2,1,0,0,2,1,1,121,115,1,1,0,0,0,1,F,0,0,0,0,0,1,0,1,0,0,0,0,0,0,41.56399999999999,37.508,11,113.0,BW,0.0,0.0,1
2023-wimbledon-1701,Carlos Alcaraz,Novak Djokovic,3:26:14,4,4,237,2,1,2,1,0,15,2,1,1,121,116,1,1,0,0,0,0,0,0,0,0,0,0,0,0,0,0,0,0,0,0,0,10.943,9.634,1,112.0,C,1.0,1.0,1
2023-wimbledon-1701,Carlos Alcaraz,Novak Djokovic,3:26:55,4,4,238,2,1,2,1,0,30,2,2,2,122,116,1,1,0,0,1,0,F,0,0,0,0,0,1,0,0,0,0,0,0,0,0,35.75,34.032,10,95.0,B,0.0,0.0,1
2023-wimbledon-1701,Carlos Alcaraz,Novak Djokovic,3:27:55,4,4,239,2,1,2,1,15,30,2,1,2,123,116,1,1,0,0,0,0,0,0,0,0,0,0,0,0,0,0,0,0,0,0,0,43.248000000000005,19.176,6,120.0,B,0.0,0.0,1
2023-wimbledon-1701,Carlos Alcaraz,Novak Djokovic,3:28:35,4,4,240,2,1,2,1,30,30,2,2,1,123,117,1,1,0,0,0,0,0,0,0,0,0,0,1,0,1,0,0,0,0,0,0,10.007,6.415,3,94.0,B,0.0,1.0,1
2023-wimbledon-1701,Carlos Alcaraz,Novak Djokovic,3:29:38,4,4,241,2,1,2,1,30,40,2,1,2,124,117,1,1,0,0,1,0,F,0,0,0,0,0,1,0,0,0,0,0,0,0,0,33.438,20.132,6,121.0,B,1.0,1.0,1
2023-wimbledon-1701,Carlos Alcaraz,Novak Djokovic,3:30:20,4,4,242,2,1,2,1,40,40,2,2,1,124,118,1,1,0,0,0,0,0,0,0,0,0,0,1,0,1,0,0,0,0,0,0,25.741,27.255,5,90.0,W,0.0,0.0,1
2023-wimbledon-1701,Carlos Alcaraz,Novak Djokovic,3:31:20,4,4,243,2,1,2,1,40,50,2,1,1,124,119,1,1,0,0,0,1,F,0,0,0,0,0,0,0,0,0,0,0,0,0,0,36.659,32.905,9,117.0,BW,0.0,0.0,1
2023-wimbledon-1701,Carlos Alcaraz,Novak Djokovic,3:32:08,4,5,244,2,1,2,2,0,0,1,2,2,125,119,1,1,0,0,0,0,0,0,0,0,0,1,0,1,0,0,0,0,0,0,0,27.334,29.791999999999998,5,100.0,B,0.0,0.0,1
2023-wimbledon-1701,Carlos Alcaraz,Novak Djokovic,3:32:56,4,5,245,2,1,2,2,15,0,1,2,1,125,120,1,1,0,0,0,1,B,0,0,0,0,0,1,0,1,0,0,0,0,0,0,25.959,24.598000000000003,6,94.0,BW,0.0,1.0,1
2023-wimbledon-1701,Carlos Alcaraz,Novak Djokovic,3:33:46,4,5,246,2,1,2,2,15,15,1,1,2,126,120,1,1,0,0,0,0,0,0,0,0,1,0,0,0,0,0,0,0,0,0,0,11.339,12.645999999999999,3,122.0,B,1.0,1.0,1
2023-wimbledon-1701,Carlos Alcaraz,Novak Djokovic,3:34:15,4,5,247,2,1,2,2,30,15,1,1,1,126,121,1,1,0,0,0,0,0,0,0,1,0,1,0,0,0,0,0,0,0,0,0,9.536,6.996,2,119.0,B,0.0,nan,1
2023-wimbledon-1701,Carlos Alcaraz,Novak Djokovic,3:34:49,4,5,248,2,1,2,2,30,30,1,1,1,126,122,1,1,0,0,0,0,0,0,0,0,0,0,0,0,0,0,0,0,0,0,0,20.723000000000003,34.85,6,114.0,BC,0.0,1.0,1
2023-wimbledon-1701,Carlos Alcaraz,Novak Djokovic,3:35:30,4,5,249,2,1,2,2,30,40,1,2,2,127,122,1,1,0,0,0,0,0,0,0,0,1,0,0,0,0,0,1,0,0,0,1,19.694000000000003,15.593,3,100.0,BW,0.0,0.0,1
2023-wimbledon-1701,Carlos Alcaraz,Novak Djokovic,3:36:20,4,5,250,2,1,2,2,40,40,1,2,1,127,123,1,1,0,0,0,0,0,0,0,0,0,0,0,0,0,0,0,0,0,0,0,5.034,6.864,2,111.0,W,1.0,nan,1
2023-wimbledon-1701,Carlos Alcaraz,Novak Djokovic,3:37:46,4,5,251,2,1,2,2,40,50,1,1,2,128,123,1,1,0,0,1,0,F,0,0,0,0,1,0,1,0,0,1,0,0,0,1,10.475999999999999,22.59,3,126.0,B,0.0,0.0,1
2023-wimbledon-1701,Carlos Alcaraz,Novak Djokovic,3:38:20,4,5,252,2,1,2,2,40,40,1,1,1,128,124,1,1,0,0,0,0,0,0,0,0,0,0,0,0,0,0,0,0,0,0,0,13.966,19.392,4,130.0,C,0.0,0.0,1
2023-wimbledon-1701,Carlos Alcaraz,Novak Djokovic,3:39:00,4,5,253,2,1,2,2,40,50,1,1,1,128,125,1,1,0,0,0,0,0,0,0,1,0,1,0,0,0,0,1,0,1,0,0,30.006999999999998,36.614000000000004,8,122.0,BC,0.0,0.0,1
2023-wimbledon-1701,Carlos Alcaraz,Novak Djokovic,3:41:07,4,6,254,2,1,2,3,0,0,2,1,1,128,126,1,1,0,0,0,0,0,0,0,1,0,0,0,0,0,0,0,0,0,0,0,24.151,9.023,3,113.0,W,0.0,1.0,1
2023-wimbledon-1701,Carlos Alcaraz,Novak Djokovic,3:41:33,4,6,255,2,1,2,3,0,15,2,1,2,129,126,1,1,0,0,1,0,F,0,0,0,0,0,0,0,0,0,0,0,0,0,0,29.750999999999998,22.614,8,123.0,BW,0.0,0.0,1
2023-wimbledon-1701,Carlos Alcaraz,Novak Djokovic,3:42:14,4,6,256,2,1,2,3,15,15,2,1,1,129,127,1,1,0,0,0,1,F,0,0,0,0,0,1,0,1,0,0,0,0,0,0,23.423000000000002,9.914,3,113.0,W,1.0,0.0,1
2023-wimbledon-1701,Carlos Alcaraz,Novak Djokovic,3:42:43,4,6,257,2,1,2,3,15,30,2,2,1,129,128,1,1,0,0,0,0,0,0,0,0,0,0,1,0,1,0,0,0,0,0,0,45.735,48.065,11,100.0,B,0.0,1.0,1
2023-wimbledon-1701,Carlos Alcaraz,Novak Djokovic,3:43:42,4,6,258,2,1,2,3,15,40,2,2,2,130,128,1,1,0,0,1,0,F,0,0,0,0,0,0,0,0,0,0,0,0,0,0,18.502,21.113000000000003,6,109.0,BC,0.0,1.0,1
2023-wimbledon-1701,Carlos Alcaraz,Novak Djokovic,3:44:35,4,6,259,2,1,2,3,30,40,2,1,1,130,129,1,1,0,0,0,0,0,0,0,0,0,0,0,0,0,0,0,0,0,0,0,13.279000000000002,5.487,1,115.0,C,0.0,0.0,1
2023-wimbledon-1701,Carlos Alcaraz,Novak Djokovic,3:45:09,4,7,260,2,1,2,4,0,0,1,1,2,131,129,1,1,0,0,1,0,B,0,0,0,0,0,0,0,0,0,0,0,0,0,0,9.736,20.941999999999997,3,125.0,BC,0.0,0.0,1
2023-wimbledon-1701,Carlos Alcaraz,Novak Djokovic,3:45:38,4,7,261,2,1,2,4,15,0,1,2,1,131,130,1,1,0,0,0,1,F,0,0,0,0,0,1,0,1,0,0,0,0,0,0,17.325,18.119,6,95.0,B,0.0,1.0,1
2023-wimbledon-1701,Carlos Alcaraz,Novak Djokovic,3:46:36,4,7,262,2,1,2,4,15,15,1,1,2,132,130,1,1,0,0,0,0,0,0,0,0,0,0,0,0,0,0,0,0,0,0,0,3.468,4.129,1,116.0,BW,0.0,0.0,1
2023-wimbledon-1701,Carlos Alcaraz,Novak Djokovic,3:47:00,4,7,263,2,1,2,4,30,15,1,2,2,133,130,1,1,0,0,0,0,0,0,0,0,1,0,0,0,0,0,0,0,0,0,0,21.730999999999998,25.33,7,121.0,BC,1.0,0.0,1
2023-wimbledon-1701,Carlos Alcaraz,Novak Djokovic,3:47:46,4,7,264,2,1,2,4,40,15,1,1,2,134,130,1,1,1,0,1,0,0,0,0,0,0,0,0,0,0,0,0,0,0,0,0,0.815,0.841,1,109.0,W,1.0,nan,1
2023-wimbledon-1701,Carlos Alcaraz,Novak Djokovic,3:49:35,4,8,265,2,1,3,4,0,0,2,1,1,134,131,1,1,0,0,0,0,0,0,0,0,0,0,1,0,1,0,0,0,0,0,0,14.467,11.85,3,122.0,C,0.0,0.0,1
2023-wimbledon-1701,Carlos Alcaraz,Novak Djokovic,3:50:02,4,8,266,2,1,3,4,0,15,2,2,1,134,132,1,1,0,0,0,0,0,0,0,0,0,0,0,0,0,0,0,0,0,0,0,45.02,36.415,9,89.0,BW,0.0,1.0,1
2023-wimbledon-1701,Carlos Alcaraz,Novak Djokovic,3:50:56,4,8,267,2,1,3,4,0,30,2,1,1,134,133,1,1,0,0,0,1,F,0,0,0,0,0,1,0,1,0,0,0,0,0,0,15.255999999999998,9.227,3,108.0,W,1.0,0.0,1
2023-wimbledon-1701,Carlos Alcaraz,Novak Djokovic,3:51:26,4,8,268,2,1,3,4,0,40,2,1,1,134,134,1,1,0,0,0,0,0,0,0,0,0,0,0,0,0,0,0,0,0,0,0,8.461,4.064,1,120.0,BW,1.0,0.0,1
2023-wimbledon-1701,Carlos Alcaraz,Novak Djokovic,3:52:02,4,9,269,2,1,3,5,0,0,1,1,1,134,135,1,1,0,0,0,1,B,0,0,0,0,0,0,0,0,0,0,0,0,0,0,18.748,35.124,4,123.0,W,1.0,nan,1
2023-wimbledon-1701,Carlos Alcaraz,Novak Djokovic,3:52:30,4,9,270,2,1,3,5,0,15,1,2,1,134,136,1,1,0,0,0,0,0,1,0,1,0,0,0,0,0,0,0,0,0,0,0,1.02,0.9620000000000001,0,nan,W,1.0,nan,1
2023-wimbledon-1701,Carlos Alcaraz,Novak Djokovic,3:53:13,4,9,271,2,1,3,5,0,30,1,2,1,134,137,1,1,0,0,0,0,0,0,0,0,0,0,0,0,0,0,0,0,0,0,0,8.514,13.07,2,104.0,B,0.0,0.0,1
2023-wimbledon-1701,Carlos Alcaraz,Novak Djokovic,3:53:55,4,9,272,2,1,3,5,0,40,1,1,2,135,137,2,1,0,0,0,0,0,0,0,0,0,0,0,0,0,0,1,0,0,0,1,5.582999999999999,7.0120000000000005,1,128.0,C,0.0,0.0,1
2023-wimbledon-1701,Carlos Alcaraz,Novak Djokovic,3:54:19,4,9,273,2,1,3,5,15,40,1,2,1,135,138,2,1,0,0,0,0,0,1,0,1,0,0,0,0,0,0,1,0,1,0,0,3.7769999999999997,4.493,0,nan,C,1.0,nan,1
2023-wimbledon-1701,Carlos Alcaraz,Novak Djokovic,3:57:11,5,1,274,2,2,0,0,0,0,2,2,1,135,139,2,1,0,0,0,0,0,0,0,0,0,1,0,0,0,0,0,0,0,0,0,24.728,15.65,5,97.0,W,1.0,1.0,1
2023-wimbledon-1701,Carlos Alcaraz,Novak Djokovic,3:57:58,5,1,275,2,2,0,0,0,15,2,2,1,135,140,2,1,0,0,0,0,0,0,0,1,0,0,0,0,0,0,0,0,0,0,0,28.055999999999997,22.534000000000002,7,95.0,B,0.0,0.0,1
2023-wimbledon-1701,Carlos Alcaraz,Novak Djokovic,3:59:07,5,1,276,2,2,0,0,0,30,2,2,2,136,140,2,1,0,0,1,0,F,0,0,0,0,0,0,0,0,0,0,0,0,0,0,7.73,4.64,2,109.0,BW,0.0,0.0,1
2023-wimbledon-1701,Carlos Alcaraz,Novak Djokovic,3:59:51,5,1,277,2,2,0,0,15,30,2,2,2,137,140,2,1,0,0,1,0,F,0,0,0,0,1,0,1,0,0,0,0,0,0,0,18.625999999999998,17.664,6,92.0,B,0.0,0.0,1
2023-wimbledon-1701,Carlos Alcaraz,Novak Djokovic,4:00:47,5,1,278,2,2,0,0,30,30,2,1,2,138,140,2,1,0,0,1,0,B,0,0,0,0,0,1,0,0,0,0,0,0,0,0,12.669,12.304,4,123.0,C,0.0,0.0,1
2023-wimbledon-1701,Carlos Alcaraz,Novak Djokovic,4:01:49,5,1,279,2,2,0,0,40,30,2,1,1,138,141,2,1,0,0,0,0,0,0,0,0,0,0,0,0,0,1,0,0,0,1,0,8.589,6.655,1,117.0,C,0.0,0.0,1
2023-wimbledon-1701,Carlos Alcaraz,Novak Djokovic,4:02:19,5,1,280,2,2,0,0,40,40,2,1,1,138,142,2,1,0,0,0,0,0,0,0,0,0,0,0,0,0,0,0,0,0,0,0,7.4270000000000005,4.598,1,124.0,C,1.0,0.0,1
2023-wimbledon-1701,Carlos Alcaraz,Novak Djokovic,4:02:47,5,1,281,2,2,0,0,40,50,2,2,2,139,142,2,1,0,0,1,0,F,0,0,0,0,0,1,0,0,0,0,0,0,0,0,57.056000000000004,52.126000000000005,14,114.0,BC,0.0,1.0,1
2023-wimbledon-1701,Carlos Alcaraz,Novak Djokovic,4:04:02,5,1,282,2,2,0,0,40,40,2,1,1,139,143,2,1,0,0,0,0,0,0,0,0,0,0,0,0,0,0,0,0,0,0,0,2.138,1.318,1,126.0,C,0.0,nan,1
2023-wimbledon-1701,Carlos Alcaraz,Novak Djokovic,4:04:31,5,1,283,2,2,0,0,40,50,2,2,1,139,144,2,1,0,0,0,0,0,0,0,1,0,1,0,0,0,0,0,0,0,0,0,15.773,11.383,3,93.0,B,0.0,0.0,1
2023-wimbledon-1701,Carlos Alcaraz,Novak Djokovic,4:05:45,5,2,284,2,2,0,1,0,0,1,1,1,139,145,2,1,0,0,0,0,0,0,0,0,0,0,0,0,0,0,0,0,0,0,0,46.49100000000001,49.787,8,120.0,B,0.0,0.0,1
2023-wimbledon-1701,Carlos Alcaraz,Novak Djokovic,4:06:36,5,2,285,2,2,0,1,0,15,1,1,2,140,145,2,1,0,0,1,0,F,0,0,0,0,0,0,0,0,0,0,0,0,0,0,19.304000000000002,43.24100000000001,5,115.0,BW,0.0,0.0,1
2023-wimbledon-1701,Carlos Alcaraz,Novak Djokovic,4:07:12,5,2,286,2,2,0,1,15,15,1,2,1,140,146,2,1,0,0,0,0,0,0,0,1,0,0,0,0,0,0,0,0,0,0,0,6.127000000000001,8.362,2,95.0,BW,0.0,0.0,1
2023-wimbledon-1701,Carlos Alcaraz,Novak Djokovic,4:07:59,5,2,287,2,2,0,1,15,30,1,1,2,141,146,2,1,0,0,0,0,0,0,0,0,0,0,0,0,0,0,0,0,0,0,0,11.511,19.837,3,118.0,C,1.0,nan,1
2023-wimbledon-1701,Carlos Alcaraz,Novak Djokovic,4:08:33,5,2,288,2,2,0,1,30,30,1,2,1,141,147,2,1,0,0,0,0,0,0,0,0,0,0,0,0,0,0,0,0,0,0,0,16.367,14.440999999999999,4,93.0,C,0.0,1.0,1
2023-wimbledon-1701,Carlos Alcaraz,Novak Djokovic,4:09:19,5,2,289,2,2,0,1,30,40,1,1,2,142,147,2,1,0,0,0,0,0,0,0,0,0,0,0,0,0,0,1,0,0,0,1,70.542,65.59,17,122.0,BW,0.0,0.0,1
2023-wimbledon-1701,Carlos Alcaraz,Novak Djokovic,4:10:25,5,2,290,2,2,0,1,40,40,1,2,2,143,147,2,1,0,0,1,0,F,0,0,0,0,0,0,0,0,0,0,0,0,0,0,9.154,10.895,3,101.0,B,0.0,0.0,1
2023-wimbledon-1701,Carlos Alcaraz,Novak Djokovic,4:11:15,5,2,291,2,2,0,1,50,40,1,2,2,144,147,2,1,0,0,1,0,F,0,0,0,0,0,0,0,0,0,0,0,0,0,0,24.903000000000002,26.24,7,87.0,B,0.0,0.0,1
2023-wimbledon-1701,Carlos Alcaraz,Novak Djokovic,4:12:24,5,3,292,2,2,1,1,0,0,2,1,2,145,147,2,1,0,0,1,0,B,0,0,0,0,0,0,0,0,0,0,0,0,0,0,30.085,27.675,8,117.0,W,1.0,1.0,1
2023-wimbledon-1701,Carlos Alcaraz,Novak Djokovic,4:13:06,5,3,293,2,2,1,1,15,0,2,1,1,145,148,2,1,0,0,0,0,0,0,0,0,0,0,0,0,0,0,0,0,0,0,0,14.747,10.949000000000002,3,118.0,C,0.0,0.0,1
2023-wimbledon-1701,Carlos Alcaraz,Novak Djokovic,4:13:38,5,3,294,2,2,1,1,15,15,2,2,2,146,148,2,1,0,0,1,0,F,0,0,0,0,1,0,1,0,0,0,0,0,0,0,26.608,21.128,8,88.0,C,0.0,0.0,1
2023-wimbledon-1701,Carlos Alcaraz,Novak Djokovic,4:14:55,5,3,295,2,2,1,1,30,15,2,1,1,146,149,2,1,0,0,0,0,0,0,0,0,0,0,0,0,0,0,0,0,0,0,0,17.807000000000002,9.745,3,125.0,W,1.0,0.0,1
2023-wimbledon-1701,Carlos Alcaraz,Novak Djokovic,4:15:28,5,3,296,2,2,1,1,30,30,2,1,2,147,149,2,1,0,0,0,0,0,0,0,0,1,0,0,0,0,0,0,0,0,0,0,8.418,5.321000000000001,2,123.0,BC,0.0,0.0,1
2023-wimbledon-1701,Carlos Alcaraz,Novak Djokovic,4:16:05,5,3,297,2,2,1,1,40,30,2,1,2,148,149,2,1,0,0,1,0,B,0,0,0,0,0,1,0,0,1,0,1,0,0,0,59.324,45.193999999999996,14,121.0,C,0.0,1.0,1
2023-wimbledon-1701,Carlos Alcaraz,Novak Djokovic,4:18:08,5,4,298,2,2,2,1,0,0,1,1,2,149,149,2,1,0,0,0,0,0,0,0,0,0,0,0,0,0,0,0,0,0,0,0,4.242,5.111000000000001,1,110.0,BW,0.0,0.0,1
2023-wimbledon-1701,Carlos Alcaraz,Novak Djokovic,4:18:35,5,4,299,2,2,2,1,15,0,1,1,2,150,149,2,1,0,0,0,0,0,0,0,0,0,0,0,0,0,0,0,0,0,0,0,4.133,5.952000000000001,1,119.0,C,0.0,0.0,1
2023-wimbledon-1701,Carlos Alcaraz,Novak Djokovic,4:19:02,5,4,300,2,2,2,1,30,0,1,1,2,151,149,2,1,0,0,0,0,0,0,0,0,0,0,0,0,0,0,0,0,0,0,0,7.917000000000001,10.187999999999999,1,114.0,W,0.0,1.0,1
2023-wimbledon-1701,Carlos Alcaraz,Novak Djokovic,4:19:28,5,4,301,2,2,2,1,40,0,1,1,2,152,149,2,1,1,0,1,0,0,0,0,0,0,0,0,0,0,0,0,0,0,0,0,0.851,0.6759999999999999,1,123.0,C,1.0,nan,1
2023-wimbledon-1701,Carlos Alcaraz,Novak Djokovic,4:20:10,5,5,302,2,2,3,1,0,0,2,2,1,152,150,1,1,0,0,0,0,0,0,0,0,0,0,0,0,0,0,0,0,0,0,0,3.344,3.502,1,107.0,B,0.0,1.0,1
2023-wimbledon-1701,Carlos Alcaraz,Novak Djokovic,4:20:49,5,5,303,2,2,3,1,0,15,2,1,1,152,151,1,1,0,0,0,0,0,0,0,0,0,0,0,0,0,0,0,0,0,0,0,8.14,5.047,1,121.0,W,1.0,1.0,1
2023-wimbledon-1701,Carlos Alcaraz,Novak Djokovic,4:21:13,5,5,304,2,2,3,1,0,30,2,1,1,152,152,1,1,0,0,0,0,0,0,0,0,0,0,0,0,0,0,0,0,0,0,0,10.780999999999999,2.412,1,124.0,C,0.0,nan,1
2023-wimbledon-1701,Carlos Alcaraz,Novak Djokovic,4:21:35,5,5,305,2,2,3,1,0,40,2,2,2,153,152,1,1,0,0,0,0,0,0,0,0,1,0,0,0,0,0,0,0,0,0,0,10.657,8.966000000000001,2,100.0,B,0.0,1.0,1
2023-wimbledon-1701,Carlos Alcaraz,Novak Djokovic,4:22:15,5,5,306,2,2,3,1,15,40,2,1,1,153,153,1,1,0,0,0,0,0,0,0,0,0,0,0,0,0,0,0,0,0,0,0,20.456,10.654000000000002,3,123.0,C,1.0,0.0,1
2023-wimbledon-1701,Carlos Alcaraz,Novak Djokovic,4:23:53,5,6,307,2,2,3,2,0,0,1,2,1,153,154,1,1,0,0,0,0,0,0,0,0,0,0,1,0,1,0,0,0,0,0,0,20.511999999999997,19.453,4,99.0,BC,0.0,0.0,1
2023-wimbledon-1701,Carlos Alcaraz,Novak Djokovic,4:24:40,5,6,308,2,2,3,2,0,15,1,2,2,154,154,1,1,0,0,0,0,0,0,0,0,0,1,0,1,0,0,0,0,0,0,0,10.757,12.306,3,121.0,BC,0.0,0.0,1
2023-wimbledon-1701,Carlos Alcaraz,Novak Djokovic,4:25:26,5,6,309,2,2,3,2,15,15,1,1,1,154,155,1,1,0,0,0,0,0,0,0,0,0,0,0,0,0,0,0,0,0,0,0,13.286,22.353,2,119.0,BW,0.0,0.0,1
2023-wimbledon-1701,Carlos Alcaraz,Novak Djokovic,4:25:55,5,6,310,2,2,3,2,15,30,1,2,2,155,155,1,1,0,0,0,0,0,0,0,0,0,0,0,0,0,0,0,0,0,0,0,4.419,6.353,1,100.0,B,0.0,1.0,1
2023-wimbledon-1701,Carlos Alcaraz,Novak Djokovic,4:26:37,5,6,311,2,2,3,2,30,30,1,1,2,156,155,1,1,0,0,0,0,0,0,0,0,1,0,0,0,0,0,0,0,0,0,0,14.776,13.091,3,128.0,BC,0.0,1.0,1
2023-wimbledon-1701,Carlos Alcaraz,Novak Djokovic,4:27:09,5,6,312,2,2,3,2,40,30,1,1,2,157,155,1,1,1,0,1,0,0,0,0,0,0,0,0,0,0,0,0,0,0,0,0,0.7659999999999999,0.767,1,123.0,W,1.0,nan,1
2023-wimbledon-1701,Carlos Alcaraz,Novak Djokovic,4:27:39,5,7,313,2,2,4,2,0,0,2,1,1,157,156,1,1,0,0,0,0,0,0,0,0,0,0,0,0,0,0,0,0,0,0,0,5.6339999999999995,2.917,1,123.0,C,1.0,0.0,1
2023-wimbledon-1701,Carlos Alcaraz,Novak Djokovic,4:27:54,5,7,314,2,2,4,2,0,15,2,1,2,158,156,1,1,0,0,1,0,F,0,0,0,0,0,0,0,0,0,0,0,0,0,0,8.655,9.243,4,118.0,C,0.0,1.0,1
2023-wimbledon-1701,Carlos Alcaraz,Novak Djokovic,4:28:40,5,7,315,2,2,4,2,15,15,2,1,1,158,157,1,1,0,0,0,0,0,0,0,0,0,0,1,0,1,0,0,0,0,0,0,48.552,35.878,9,109.0,BW,0.0,1.0,1
2023-wimbledon-1701,Carlos Alcaraz,Novak Djokovic,4:29:22,5,7,316,2,2,4,2,15,30,2,1,2,159,157,1,1,0,0,1,0,F,0,0,0,0,0,1,0,0,0,0,0,0,0,0,14.99,9.497,4,115.0,C,1.0,0.0,1
2023-wimbledon-1701,Carlos Alcaraz,Novak Djokovic,4:29:59,5,7,317,2,2,4,2,30,30,2,2,1,159,158,1,1,0,0,0,1,B,0,0,0,0,0,0,0,0,0,0,0,0,0,0,14.929,7.187,3,105.0,W,0.0,0.0,1
2023-wimbledon-1701,Carlos Alcaraz,Novak Djokovic,4:30:59,5,7,318,2,2,4,2,30,40,2,1,1,159,159,1,1,0,0,0,0,0,0,0,0,0,0,0,0,0,0,0,0,0,0,0,15.338,13.049000000000001,3,124.0,BW,1.0,0.0,1
2023-wimbledon-1701,Carlos Alcaraz,Novak Djokovic,4:32:45,5,8,319,2,2,4,3,0,0,1,1,1,159,160,1,1,0,0,0,0,0,0,0,1,0,0,0,0,0,0,0,0,0,0,0,15.450999999999999,51.222,4,112.0,W,1.0,1.0,1
2023-wimbledon-1701,Carlos Alcaraz,Novak Djokovic,4:33:13,5,8,320,2,2,4,3,0,15,1,2,2,160,160,1,1,0,0,0,0,0,0,0,0,0,0,0,0,0,0,0,0,0,0,0,5.732,5.2589999999999995,1,88.0,BW,0.0,1.0,1
2023-wimbledon-1701,Carlos Alcaraz,Novak Djokovic,4:33:51,5,8,321,2,2,4,3,15,15,1,2,2,161,160,1,1,0,0,0,0,0,0,0,0,0,0,0,0,0,0,0,0,0,0,0,18.146,16.37,5,99.0,BC,1.0,1.0,1
2023-wimbledon-1701,Carlos Alcaraz,Novak Djokovic,4:34:38,5,8,322,2,2,4,3,30,15,1,1,2,162,160,1,1,0,0,1,0,F,0,0,0,0,0,0,0,0,0,0,0,0,0,0,9.024,13.154000000000002,3,115.0,C,0.0,0.0,1
2023-wimbledon-1701,Carlos Alcaraz,Novak Djokovic,4:35:05,5,8,323,2,2,4,3,40,15,1,2,2,163,160,1,1,1,0,1,0,0,0,0,0,0,0,0,0,0,0,0,0,0,0,0,6.489,7.329,1,108.0,W,1.0,1.0,1
2023-wimbledon-1701,Carlos Alcaraz,Novak Djokovic,4:35:50,5,9,324,2,2,5,3,0,0,2,1,1,163,161,1,1,0,0,0,1,F,0,0,0,0,0,1,0,1,0,0,0,0,0,0,17.628,14.786,5,111.0,W,0.0,0.0,1
2023-wimbledon-1701,Carlos Alcaraz,Novak Djokovic,4:36:18,5,9,325,2,2,5,3,0,15,2,1,1,163,162,1,1,0,0,0,0,0,0,0,0,0,0,0,0,0,0,0,0,0,0,0,22.495,11.196,1,110.0,C,0.0,1.0,1
2023-wimbledon-1701,Carlos Alcaraz,Novak Djokovic,4:36:44,5,9,326,2,2,5,3,0,30,2,1,1,163,163,1,1,0,0,0,0,0,0,0,0,0,0,0,0,0,0,0,0,0,0,0,8.686,7.678999999999999,1,108.0,W,1.0,0.0,1
2023-wimbledon-1701,Carlos Alcaraz,Novak Djokovic,4:37:13,5,9,327,2,2,5,3,0,40,2,1,2,164,163,1,1,0,0,0,0,0,0,0,0,0,0,0,0,0,0,0,0,0,0,0,16.135,6.657,2,123.0,C,0.0,0.0,1
2023-wimbledon-1701,Carlos Alcaraz,Novak Djokovic,4:37:38,5,9,328,2,2,5,3,15,40,2,2,1,164,164,1,1,0,0,0,0,0,0,0,0,0,0,0,0,0,0,0,0,0,0,0,4.15,3.609,1,99.0,BW,0.0,1.0,1
2023-wimbledon-1701,Carlos Alcaraz,Novak Djokovic,4:39:31,5,10,329,2,2,5,4,0,0,1,1,1,164,165,1,1,0,0,0,0,0,0,0,1,0,0,0,0,0,0,0,0,0,0,0,6.772,10.302999999999999,2,127.0,C,0.0,0.0,1
2023-wimbledon-1701,Carlos Alcaraz,Novak Djokovic,4:39:58,5,10,330,2,2,5,4,0,15,1,1,2,165,165,1,1,0,0,1,0,F,0,0,0,0,0,1,0,0,0,0,0,0,0,0,38.62,50.971000000000004,11,123.0,C,0.0,1.0,1
2023-wimbledon-1701,Carlos Alcaraz,Novak Djokovic,4:40:43,5,10,331,2,2,5,4,15,15,1,1,2,166,165,1,1,0,0,1,0,B,0,0,0,0,1,0,1,0,0,0,0,0,0,0,17.533,27.766,5,114.0,W,0.0,0.0,1
2023-wimbledon-1701,Carlos Alcaraz,Novak Djokovic,4:41:20,5,10,332,2,2,5,4,30,15,1,1,1,166,166,1,1,0,0,0,1,F,0,0,0,0,0,0,0,0,0,0,0,0,0,0,10.882,18.328,4,124.0,W,0.0,1.0,1
2023-wimbledon-1701,Carlos Alcaraz,Novak Djokovic,4:41:52,5,10,333,2,2,5,4,30,30,1,1,2,167,166,1,1,0,0,0,0,0,0,0,0,0,0,0,0,0,0,0,0,0,0,0,7.893,10.537,1,130.0,C,0.0,1.0,1
2023-wimbledon-1701,Carlos Alcaraz,Novak Djokovic,4:42:27,5,10,334,2,2,5,4,40,30,1,1,2,168,166,1,1,0,0,0,0,0,0,0,0,0,1,0,1,0,0,0,0,0,0,0,17.811,25.366999999999997,3,129.0,BW,0.0,0.0,1
