match_id,player1,player2,elapsed_time,set_no,game_no,point_no,p1_sets,p2_sets,p1_games,p2_games,p1_score,p2_score,server,serve_no,point_victor,p1_points_won,p2_points_won,game_victor,set_victor,p1_ace,p2_ace,p1_winner,p2_winner,winner_shot_type,p1_double_fault,p2_double_fault,p1_unf_err,p2_unf_err,p1_net_pt,p2_net_pt,p1_net_pt_won,p2_net_pt_won,p1_break_pt,p2_break_pt,p1_break_pt_won,p2_break_pt_won,p1_break_pt_missed,p2_break_pt_missed,p1_distance_run,p2_distance_run,rally_count,speed_mph,serve_width,serve_depth,return_depth,round_no,match_no
2023-wimbledon-1301,Carlos Alcaraz,Nicolas Jarry,0,1,1,1,0,0,0,0,0,0,1,2,2,0,1,0,0,False,False,False,False,,0,0,True,False,False,False,False,False,False,False,False,False,False,False,6.0,7.84,2,95,Body/Center,False,False,3,1
2023-wimbledon-1301,Carlos Alcaraz,Nicolas Jarry,38,1,1,2,0,0,0,0,0,15,1,1,1,1,1,0,0,False,False,False,False,,0,0,False,False,False,False,False,False,False,False,False,False,False,False,5.253,7.094,1,118,Body,True,False,3,1
2023-wimbledon-1301,Carlos Alcaraz,Nicolas Jarry,61,1,1,3,0,0,0,0,15,15,1,1,2,1,2,0,0,False,False,False,False,,0,0,True,False,False,False,False,False,False,False,False,False,False,False,13.8,19.808,4,120,Body,False,True,3,1
2023-wimbledon-1301,Carlos Alcaraz,Nicolas Jarry,91,1,1,4,0,0,0,0,15,30,1,1,1,2,2,0,0,False,False,True,False,Forehand,0,0,False,False,False,True,False,False,False,False,False,False,False,False,51.108,75.631,13,130,Body/Wide,True,True,3,1
2023-wimbledon-1301,Carlos Alcaraz,Nicolas Jarry,141,1,1,5,0,0,0,0,30,30,1,1,1,3,2,0,0,True,False,True,False,,0,0,False,False,False,False,False,False,False,False,False,False,False,False,0.649,0.813,1,112,Wide,False,,3,1
2023-wimbledon-1301,Carlos Alcaraz,Nicolas Jarry,170,1,1,6,0,0,0,0,40,30,1,2,2,3,3,0,0,False,False,False,False,,0,0,False,False,False,False,False,False,False,False,False,False,False,False,5.291,4.249,2,97,Body/Wide,False,False,3,1
2023-wimbledon-1301,Carlos Alcaraz,Nicolas Jarry,213,1,1,7,0,0,0,0,40,40,1,1,1,4,3,0,0,True,False,True,False,,0,0,False,False,False,False,False,False,False,False,False,False,False,False,6.817,17.821,1,109,Wide,True,True,3,1
2023-wimbledon-1301,Carlos Alcaraz,Nicolas Jarry,241,1,1,8,0,0,0,0,AD,40,1,2,2,4,4,0,0,False,False,False,True,Forehand,0,0,False,False,False,True,False,True,False,False,False,False,False,False,17.503,18.067,6,105,Body,False,False,3,1
2023-wimbledon-1301,Carlos Alcaraz,Nicolas Jarry,288,1,1,9,0,0,0,0,40,40,1,1,1,5,4,0,0,False,False,False,False,,0,0,False,False,True,False,True,False,False,False,False,False,False,False,34.489,24.594,7,128,Body/Center,True,True,3,1
2023-wimbledon-1301,Carlos Alcaraz,Nicolas Jarry,332,1,1,10,0,0,0,0,AD,40,1,1,1,6,4,1,0,False,False,False,False,,0,0,False,False,False,False,False,False,False,False,False,False,False,False,21.235,27.427,5,110,Body,False,False,3,1
2023-wimbledon-1301,Carlos Alcaraz,Nicolas Jarry,425,1,2,11,0,0,1,0,0,0,2,1,2,6,5,0,0,False,True,False,True,,0,0,False,False,False,False,False,False,False,False,False,False,False,False,5.785,4.915,1,112,Wide,True,True,3,1
2023-wimbledon-1301,Carlos Alcaraz,Nicolas Jarry,448,1,2,12,0,0,1,0,0,15,2,1,1,7,5,0,0,False,False,False,False,,0,0,False,False,False,False,False,False,False,False,False,False,False,False,19.744,18.244,4,130,Wide,False,True,3,1
2023-wimbledon-1301,Carlos Alcaraz,Nicolas Jarry,486,1,2,13,0,0,1,0,15,15,2,1,1,8,5,0,0,False,False,False,False,,0,0,False,True,False,False,False,False,False,False,False,False,False,False,26.013,18.626,4,120,Center,False,True,3,1
2023-wimbledon-1301,Carlos Alcaraz,Nicolas Jarry,521,1,2,14,0,0,1,0,30,15,2,1,2,8,6,0,0,False,False,False,True,Forehand,0,0,False,False,False,False,False,False,False,False,False,False,False,False,10.667,7.112,3,128,Wide,False,False,3,1
2023-wimbledon-1301,Carlos Alcaraz,Nicolas Jarry,551,1,2,15,0,0,1,0,30,30,2,1,2,8,7,0,0,False,False,False,False,,0,0,False,False,False,False,False,False,False,False,False,False,False,False,3.399,2.237,1,130,Center,False,False,3,1
2023-wimbledon-1301,Carlos Alcaraz,Nicolas Jarry,577,1,2,16,0,0,1,0,30,40,2,2,1,9,7,0,0,False,False,False,False,,0,0,False,False,False,False,False,False,False,False,False,False,False,False,5.3,4.307,2,97,Body/Wide,False,True,3,1
2023-wimbledon-1301,Carlos Alcaraz,Nicolas Jarry,620,1,2,17,0,0,1,0,40,40,2,1,2,9,8,0,0,False,False,False,False,,0,0,False,False,False,False,False,False,False,False,False,False,False,False,5.245,5.499,1,124,Body/Center,False,,3,1
2023-wimbledon-1301,Carlos Alcaraz,Nicolas Jarry,645,1,2,18,0,0,1,0,40,AD,2,1,2,9,9,2,0,False,False,False,True,Forehand,0,0,False,False,False,True,False,True,False,False,False,False,False,False,15.194,16.594,3,116,Center,False,False,3,1
2023-wimbledon-1301,Carlos Alcaraz,Nicolas Jarry,684,1,3,19,0,0,1,1,0,0,1,1,1,10,9,0,0,True,False,True,False,,0,0,False,False,False,False,False,False,False,False,False,False,False,False,0.899,1.073,1,126,Center,True,,3,1
2023-wimbledon-1301,Carlos Alcaraz,Nicolas Jarry,707,1,3,20,0,0,1,1,15,0,1,1,1,11,9,0,0,False,False,False,False,,0,0,False,False,False,False,False,False,False,False,False,False,False,False,18.088,34.756,5,127,Wide,True,True,3,1
2023-wimbledon-1301,Carlos Alcaraz,Nicolas Jarry,737,1,3,21,0,0,1,1,30,0,1,1,2,11,10,0,0,False,False,False,False,,0,0,False,False,False,False,False,False,False,False,False,False,False,False,7.288,10.818,2,114,Body/Wide,False,True,3,1
2023-wimbledon-1301,Carlos Alcaraz,Nicolas Jarry,764,1,3,22,0,0,1,1,30,15,1,1,1,12,10,0,0,False,False,False,False,,0,0,False,True,False,False,False,False,False,False,False,False,False,False,42.166,32.944,9,127,Body,False,False,3,1
2023-wimbledon-1301,Carlos Alcaraz,Nicolas Jarry,806,1,3,23,0,0,1,1,40,15,1,2,1,13,10,1,0,False,False,False,False,,0,0,False,False,False,False,False,False,False,False,False,False,False,False,3.782,4.479,1,103,Body/Center,False,True,3,1
2023-wimbledon-1301,Carlos Alcaraz,Nicolas Jarry,931,1,4,24,0,0,2,1,0,0,2,2,2,13,11,0,0,False,False,False,False,,0,0,True,False,False,False,False,False,False,False,False,False,False,False,12.601,13.713,3,107,Body/Center,False,False,3,1
2023-wimbledon-1301,Carlos Alcaraz,Nicolas Jarry,975,1,4,25,0,0,2,1,0,15,2,1,2,13,12,0,0,False,False,False,False,,0,0,False,False,False,False,False,False,False,False,False,False,False,False,14.925,13.976,3,111,Body/Wide,False,False,3,1
2023-wimbledon-1301,Carlos Alcaraz,Nicolas Jarry,1007,1,4,26,0,0,2,1,0,30,2,1,2,13,13,0,0,False,True,False,True,,0,0,False,False,False,False,False,False,False,False,False,False,False,False,0.903,1.067,1,125,Center,False,,3,1
2023-wimbledon-1301,Carlos Alcaraz,Nicolas Jarry,1028,1,4,27,0,0,2,1,0,40,2,1,2,13,14,2,0,False,False,False,True,Forehand,0,0,False,False,False,False,False,False,False,False,False,False,False,False,20.027,7.402,3,126,Wide,False,,3,1
2023-wimbledon-1301,Carlos Alcaraz,Nicolas Jarry,1069,1,5,28,0,0,2,2,0,0,1,1,1,14,14,0,0,False,False,True,False,Forehand,0,0,False,False,False,False,False,False,False,False,False,False,False,False,15.352,29.366,5,116,Wide,True,False,3,1
2023-wimbledon-1301,Carlos Alcaraz,Nicolas Jarry,1105,1,5,29,0,0,2,2,15,0,1,1,1,15,14,0,0,False,False,False,False,,0,0,False,False,False,False,False,False,False,False,False,False,False,False,4.285,8.276,1,129,Center,False,False,3,1
2023-wimbledon-1301,Carlos Alcaraz,Nicolas Jarry,1130,1,5,30,0,0,2,2,30,0,1,1,1,16,14,0,0,False,False,False,False,,0,0,False,False,True,False,True,False,False,False,False,False,False,False,11.974,12.523,3,110,Body/Center,False,False,3,1
2023-wimbledon-1301,Carlos Alcaraz,Nicolas Jarry,1160,1,5,31,0,0,2,2,40,0,1,2,2,16,15,0,0,False,False,False,False,,0,0,True,False,False,False,False,False,False,False,False,False,False,False,5.609,6.965,2,113,Body/Center,False,False,3,1
2023-wimbledon-1301,Carlos Alcaraz,Nicolas Jarry,1203,1,5,32,0,0,2,2,40,15,1,2,2,16,16,0,0,False,False,False,False,,0,0,False,False,False,False,False,False,False,False,False,False,False,False,8.518,12.74,2,104,Body/Center,False,True,3,1
2023-wimbledon-1301,Carlos Alcaraz,Nicolas Jarry,1255,1,5,33,0,0,2,2,40,30,1,1,2,16,17,0,0,False,False,False,False,,0,0,True,False,False,False,False,False,False,False,False,False,False,False,8.859,11.439,2,111,Body,True,True,3,1
2023-wimbledon-1301,Carlos Alcaraz,Nicolas Jarry,1287,1,5,34,0,0,2,2,40,40,1,2,1,17,17,0,0,False,False,False,False,,0,0,False,False,True,False,True,False,False,False,False,False,False,False,30.782,25.6,5,97,Center,True,True,3,1
2023-wimbledon-1301,Carlos Alcaraz,Nicolas Jarry,1339,1,5,35,0,0,2,2,AD,40,1,1,1,18,17,1,0,False,False,False,False,,0,0,False,False,True,False,True,False,False,False,False,False,False,False,6.824,9.574,1,114,Center,False,True,3,1
2023-wimbledon-1301,Carlos Alcaraz,Nicolas Jarry,1462,1,6,36,0,0,3,2,0,0,2,1,2,18,18,0,0,False,False,False,False,,0,0,False,False,False,False,False,False,False,False,False,False,False,False,7.809,6.11,1,110,Wide,True,False,3,1
2023-wimbledon-1301,Carlos Alcaraz,Nicolas Jarry,1493,1,6,37,0,0,3,2,0,15,2,2,1,19,18,0,0,False,False,False,False,,0,0,False,True,False,False,False,False,False,False,False,False,False,False,29.094,29.593,6,90,Body/Wide,False,False,3,1
2023-wimbledon-1301,Carlos Alcaraz,Nicolas Jarry,1565,1,6,38,0,0,3,2,15,15,2,1,2,19,19,0,0,False,False,False,False,,0,0,False,False,False,False,False,False,False,False,False,False,False,False,6.815,5.189,1,125,Center,False,True,3,1
2023-wimbledon-1301,Carlos Alcaraz,Nicolas Jarry,1590,1,6,39,0,0,3,2,15,30,2,1,2,19,20,0,0,False,False,False,False,,0,0,False,False,False,False,False,False,False,False,False,False,False,False,2.678,2.617,1,127,Body,False,False,3,1
2023-wimbledon-1301,Carlos Alcaraz,Nicolas Jarry,1616,1,6,40,0,0,3,2,15,40,2,2,2,19,21,2,0,False,False,False,False,,0,0,False,False,False,False,False,False,False,False,False,False,False,False,5.043,4.667,1,111,Body/Wide,False,False,3,1
2023-wimbledon-1301,Carlos Alcaraz,Nicolas Jarry,1662,1,7,41,0,0,3,3,0,0,1,2,1,20,21,0,0,False,False,True,False,Backhand,0,0,False,False,False,True,False,False,False,False,False,False,False,False,34.233,32.677,9,107,Body/Wide,False,False,3,1
2023-wimbledon-1301,Carlos Alcaraz,Nicolas Jarry,1717,1,7,42,0,0,3,3,15,0,1,1,1,21,21,0,0,False,False,False,False,,0,0,False,True,False,True,False,False,False,False,False,False,False,False,9.872,19.138,3,120,Center,False,False,3,1
2023-wimbledon-1301,Carlos Alcaraz,Nicolas Jarry,1746,1,7,43,0,0,3,3,30,0,1,1,1,22,21,0,0,False,False,True,False,Forehand,0,0,False,False,False,False,False,False,False,False,False,False,False,False,6.277,11.043,3,115,Wide,True,False,3,1
2023-wimbledon-1301,Carlos Alcaraz,Nicolas Jarry,1772,1,7,44,0,0,3,3,40,0,1,2,2,22,22,0,0,False,False,False,False,,0,0,False,False,False,False,False,False,False,False,False,False,False,False,18.076,18.664,6,104,Body/Wide,False,True,3,1
2023-wimbledon-1301,Carlos Alcaraz,Nicolas Jarry,1817,1,7,45,0,0,3,3,40,15,1,2,1,23,22,1,0,False,False,False,False,,0,0,False,False,False,True,False,False,False,False,False,False,False,False,31.727,25.324,5,101,Body,False,True,3,1
2023-wimbledon-1301,Carlos Alcaraz,Nicolas Jarry,1954,1,8,46,0,0,4,3,0,0,2,1,2,23,23,0,0,False,False,False,False,,0,0,False,False,False,False,False,False,False,False,False,False,False,False,5.879,4.853,1,132,Center,True,True,3,1
2023-wimbledon-1301,Carlos Alcaraz,Nicolas Jarry,1977,1,8,47,0,0,4,3,0,15,2,2,1,24,23,0,0,False,False,False,False,,0,1,False,True,False,False,False,False,False,False,False,False,False,False,0.929,0.93,0,,Wide,True,,3,1
2023-wimbledon-1301,Carlos Alcaraz,Nicolas Jarry,2013,1,8,48,0,0,4,3,15,15,2,1,2,24,24,0,0,False,True,False,True,,0,0,False,False,False,False,False,False,False,False,False,False,False,False,1.427,0.849,1,130,Center,True,,3,1
2023-wimbledon-1301,Carlos Alcaraz,Nicolas Jarry,2038,1,8,49,0,0,4,3,15,30,2,2,1,25,24,0,0,False,False,False,False,,0,0,False,True,False,False,False,False,False,False,False,False,False,False,17.838,18.464,6,101,Body/Wide,False,True,3,1
2023-wimbledon-1301,Carlos Alcaraz,Nicolas Jarry,2086,1,8,50,0,0,4,3,30,30,2,2,1,26,24,0,0,False,False,True,False,Forehand,0,0,False,False,False,True,False,False,False,False,False,False,False,False,61.781,54.356,16,106,Body,False,True,3,1
2023-wimbledon-1301,Carlos Alcaraz,Nicolas Jarry,2162,1,8,51,0,0,4,3,40,30,2,2,1,27,24,1,0,False,False,False,False,,0,0,False,True,False,False,False,False,True,False,True,False,False,False,29.677,19.121,6,106,Body,False,False,3,1
2023-wimbledon-1301,Carlos Alcaraz,Nicolas Jarry,2238,1,9,52,0,0,5,3,0,0,1,1,1,28,24,0,0,False,False,False,False,,0,0,False,False,False,False,False,False,False,False,False,False,False,False,3.341,4.725,1,115,Body/Wide,False,True,3,1
2023-wimbledon-1301,Carlos Alcaraz,Nicolas Jarry,2264,1,9,53,0,0,5,3,15,0,1,2,2,28,25,0,0,False,False,False,False,,0,0,False,False,False,False,False,False,False,False,False,False,False,False,5.528,7.524,2,100,Body/Wide,False,True,3,1
2023-wimbledon-1301,Carlos Alcaraz,Nicolas Jarry,2306,1,9,54,0,0,5,3,15,15,1,1,1,29,25,0,0,False,False,False,False,,0,0,False,False,False,False,False,False,False,False,False,False,False,False,4.227,6.116,1,122,Body/Center,False,True,3,1
2023-wimbledon-1301,Carlos Alcaraz,Nicolas Jarry,2334,1,9,55,0,0,5,3,30,15,1,1,2,29,26,0,0,False,False,False,False,,0,0,False,False,True,False,False,False,False,False,False,False,False,False,11.654,11.702,4,115,Center,False,False,3,1
2023-wimbledon-1301,Carlos Alcaraz,Nicolas Jarry,2369,1,9,56,0,0,5,3,30,30,1,1,1,30,26,0,0,False,False,False,False,,0,0,False,False,True,False,True,False,False,False,False,False,False,False,11.34,11.519,3,129,Center,False,False,3,1
2023-wimbledon-1301,Carlos Alcaraz,Nicolas Jarry,2401,1,9,57,0,0,5,3,40,30,1,1,2,30,27,0,0,False,False,False,False,,0,0,True,False,True,False,False,False,False,False,False,False,False,False,9.299,8.077,2,113,Body/Wide,False,,3,1
2023-wimbledon-1301,Carlos Alcaraz,Nicolas Jarry,2433,1,9,58,0,0,5,3,40,40,1,1,1,31,27,0,0,False,False,False,False,,0,0,False,False,False,True,False,False,False,False,False,False,False,False,31.428,29.751,7,114,Body/Wide,False,True,3,1
2023-wimbledon-1301,Carlos Alcaraz,Nicolas Jarry,2483,1,9,59,0,0,5,3,AD,40,1,2,2,31,28,0,0,False,False,False,True,Forehand,0,0,False,False,False,True,False,True,False,False,False,False,False,False,16.514,17.962,4,88,Body/Wide,False,False,3,1
2023-wimbledon-1301,Carlos Alcaraz,Nicolas Jarry,2551,1,9,60,0,0,5,3,40,40,1,1,2,31,29,0,0,False,False,False,True,Forehand,0,0,False,False,False,True,False,True,False,False,False,False,False,False,21.882,23.411,6,123,Body/Center,False,True,3,1
2023-wimbledon-1301,Carlos Alcaraz,Nicolas Jarry,2598,1,9,61,0,0,5,3,40,AD,1,1,1,32,29,0,0,False,False,True,False,Backhand,0,0,False,False,False,False,False,False,False,True,False,False,False,True,18.705,28.259,7,121,Body/Center,False,False,3,1
2023-wimbledon-1301,Carlos Alcaraz,Nicolas Jarry,2639,1,9,62,0,0,5,3,40,40,1,1,1,33,29,0,0,False,False,False,False,,0,0,False,False,False,False,False,False,False,False,False,False,False,False,2.109,3.14,1,130,Center,False,False,3,1
2023-wimbledon-1301,Carlos Alcaraz,Nicolas Jarry,2669,1,9,63,0,0,5,3,AD,40,1,1,1,34,29,1,1,False,False,False,False,,0,0,False,True,True,False,True,False,False,False,False,False,False,False,16.592,19.606,3,132,Body/Wide,False,False,3,1
2023-wimbledon-1301,Carlos Alcaraz,Nicolas Jarry,2824,2,1,64,1,0,0,0,0,0,2,1,2,34,30,0,0,False,True,False,True,,0,0,False,False,False,False,False,False,False,False,False,False,False,False,1.621,0.843,1,123,Center,False,,3,1
2023-wimbledon-1301,Carlos Alcaraz,Nicolas Jarry,2847,2,1,65,1,0,0,0,0,15,2,1,2,34,31,0,0,False,True,False,True,,0,0,False,False,False,False,False,False,False,False,False,False,False,False,0.896,0.864,1,117,Center,False,,3,1
2023-wimbledon-1301,Carlos Alcaraz,Nicolas Jarry,2872,2,1,66,1,0,0,0,0,30,2,1,2,34,32,0,0,False,False,False,False,,0,0,False,False,False,True,False,True,False,False,False,False,False,False,3.619,3.818,1,123,Body,False,False,3,1
2023-wimbledon-1301,Carlos Alcaraz,Nicolas Jarry,2897,2,1,67,1,0,0,0,0,40,2,1,2,34,33,2,0,False,False,False,False,,0,0,False,False,False,False,False,False,False,False,False,False,False,False,9.33,6.471,1,122,Center,True,False,3,1
2023-wimbledon-1301,Carlos Alcaraz,Nicolas Jarry,2957,2,2,68,1,0,0,1,0,0,1,1,1,35,33,0,0,True,False,True,False,,0,0,False,False,False,False,False,False,False,False,False,False,False,False,0.827,1.015,1,127,Center,False,,3,1
2023-wimbledon-1301,Carlos Alcaraz,Nicolas Jarry,2978,2,2,69,1,0,0,1,15,0,1,2,1,36,33,0,0,False,False,False,False,,0,0,False,False,False,False,False,False,False,False,False,False,False,False,2.754,3.715,1,102,Body/Wide,False,False,3,1
2023-wimbledon-1301,Carlos Alcaraz,Nicolas Jarry,3014,2,2,70,1,0,0,1,30,0,1,2,2,36,34,0,0,False,False,False,True,Forehand,0,0,False,False,False,False,False,False,False,False,False,False,False,False,3.314,3.801,2,111,Body/Wide,False,True,3,1
2023-wimbledon-1301,Carlos Alcaraz,Nicolas Jarry,3070,2,2,71,1,0,0,1,30,15,1,1,2,36,35,0,0,False,False,False,False,,0,0,True,False,False,False,False,False,False,False,False,False,False,False,35.48,40.171,12,118,Body/Center,False,True,3,1
2023-wimbledon-1301,Carlos Alcaraz,Nicolas Jarry,3114,2,2,72,1,0,0,1,30,30,1,1,1,37,35,0,0,True,False,True,False,,0,0,False,False,False,False,False,False,False,False,False,False,False,False,0.824,1.682,1,126,Center,False,,3,1
2023-wimbledon-1301,Carlos Alcaraz,Nicolas Jarry,3141,2,2,73,1,0,0,1,40,30,1,2,2,37,36,0,0,False,False,False,False,,0,0,True,False,False,False,False,False,False,False,False,False,False,False,11.674,13.243,2,97,Wide,True,False,3,1
2023-wimbledon-1301,Carlos Alcaraz,Nicolas Jarry,3186,2,2,74,1,0,0,1,40,40,1,2,2,37,37,0,0,False,False,False,False,,0,0,True,False,False,False,False,False,False,False,False,False,False,False,7.494,9.222,2,105,Body/Center,False,True,3,1
2023-wimbledon-1301,Carlos Alcaraz,Nicolas Jarry,3251,2,2,75,1,0,0,1,40,AD,1,1,2,37,38,2,0,False,False,False,False,,0,0,False,False,False,False,False,False,False,True,False,True,False,False,8.235,10.59,2,129,Body,False,False,3,1
2023-wimbledon-1301,Carlos Alcaraz,Nicolas Jarry,3296,2,3,76,1,0,0,2,0,0,2,1,2,37,39,0,0,False,False,False,False,,0,0,False,False,False,False,False,False,False,False,False,False,False,False,8.125,7.455,1,126,Center,True,True,3,1
2023-wimbledon-1301,Carlos Alcaraz,Nicolas Jarry,3320,2,3,77,1,0,0,2,0,15,2,1,2,37,40,0,0,False,False,False,False,,0,0,False,False,False,False,False,False,False,False,False,False,False,False,9.712,11.06,1,128,Wide,True,False,3,1
2023-wimbledon-1301,Carlos Alcaraz,Nicolas Jarry,3350,2,3,78,1,0,0,2,0,30,2,1,2,37,41,0,0,False,False,False,True,Forehand,0,0,False,False,False,False,False,False,False,False,False,False,False,False,10.788,5.077,3,108,Body/Wide,False,True,3,1
2023-wimbledon-1301,Carlos Alcaraz,Nicolas Jarry,3428,2,3,79,1,0,0,2,0,40,2,2,2,37,42,2,0,False,False,False,False,,0,0,True,False,False,False,False,False,False,False,False,False,False,False,33.044,35.246,7,101,Wide,True,True,3,1
2023-wimbledon-1301,Carlos Alcaraz,Nicolas Jarry,3562,2,4,80,1,0,0,3,0,0,1,2,2,37,43,0,0,False,False,False,False,,0,0,False,False,False,False,False,False,False,False,False,False,False,False,54.924,44.017,10,106,Body,False,True,3,1
2023-wimbledon-1301,Carlos Alcaraz,Nicolas Jarry,3617,2,4,81,1,0,0,3,0,15,1,1,1,38,43,0,0,False,False,False,False,,0,0,False,False,False,False,False,False,False,False,False,False,False,False,6.013,9.173,1,111,Center,False,False,3,1
2023-wimbledon-1301,Carlos Alcaraz,Nicolas Jarry,3641,2,4,82,1,0,0,3,15,15,1,1,1,39,43,0,0,True,False,True,False,,0,0,False,False,False,False,False,False,False,False,False,False,False,False,0.761,0.939,1,110,Wide,True,,3,1
2023-wimbledon-1301,Carlos Alcaraz,Nicolas Jarry,3681,2,4,83,1,0,0,3,30,15,1,1,2,39,44,0,0,False,False,False,False,,0,0,False,False,False,False,False,False,False,False,False,False,False,False,57.844,40.876,8,119,Center,True,True,3,1
2023-wimbledon-1301,Carlos Alcaraz,Nicolas Jarry,3725,2,4,84,1,0,0,3,30,30,1,2,2,39,45,0,0,False,False,False,True,Backhand,0,0,False,False,False,True,False,True,False,False,False,False,False,False,12.977,15.558,4,95,Center,False,False,3,1
2023-wimbledon-1301,Carlos Alcaraz,Nicolas Jarry,3774,2,4,85,1,0,0,3,30,40,1,2,1,40,45,0,0,False,False,False,False,,0,0,False,True,False,False,False,False,False,True,False,False,False,True,9.419,12.316,3,95,Body,False,False,3,1
2023-wimbledon-1301,Carlos Alcaraz,Nicolas Jarry,3830,2,4,86,1,0,0,3,40,40,1,1,1,41,45,0,0,False,False,False,False,,0,0,False,True,False,False,False,False,False,False,False,False,False,False,14.306,18.004,3,102,Body/Wide,True,False,3,1
2023-wimbledon-1301,Carlos Alcaraz,Nicolas Jarry,3861,2,4,87,1,0,0,3,AD,40,1,2,1,42,45,1,0,False,False,False,False,,0,0,False,False,False,False,False,False,False,False,False,False,False,False,46.74,38.948,11,120,Body,False,True,3,1
2023-wimbledon-1301,Carlos Alcaraz,Nicolas Jarry,3938,2,5,88,1,0,1,3,0,0,2,1,2,42,46,0,0,False,False,False,True,Forehand,0,0,False,False,False,False,False,False,False,False,False,False,False,False,31.199,15.177,5,113,Wide,True,True,3,1
2023-wimbledon-1301,Carlos Alcaraz,Nicolas Jarry,3976,2,5,89,1,0,1,3,0,15,2,1,2,42,47,0,0,False,False,False,False,,0,0,False,False,False,True,False,True,False,False,False,False,False,False,11.273,7.428,1,128,Wide,False,True,3,1
2023-wimbledon-1301,Carlos Alcaraz,Nicolas Jarry,4006,2,5,90,1,0,1,3,0,30,2,2,1,43,47,0,0,False,False,True,False,Backhand,0,0,False,False,False,True,False,False,False,False,False,False,False,False,22.467,16.135,6,111,Center,False,False,3,1
2023-wimbledon-1301,Carlos Alcaraz,Nicolas Jarry,4062,2,5,91,1,0,1,3,15,30,2,1,1,44,47,0,0,False,False,False,False,,0,0,False,True,False,False,False,False,False,False,False,False,False,False,36.689,27.317,8,131,Body/Wide,False,True,3,1
2023-wimbledon-1301,Carlos Alcaraz,Nicolas Jarry,4106,2,5,92,1,0,1,3,30,30,2,1,1,45,47,0,0,False,False,False,False,,0,0,False,True,False,False,False,False,False,False,False,False,False,False,39.829,32.608,10,134,Center,False,True,3,1
2023-wimbledon-1301,Carlos Alcaraz,Nicolas Jarry,4159,2,5,93,1,0,1,3,40,30,2,1,2,45,48,0,0,False,False,False,False,,0,0,False,False,False,True,False,True,True,False,False,False,True,False,30.783,24.947,5,123,Body,False,False,3,1
2023-wimbledon-1301,Carlos Alcaraz,Nicolas Jarry,4224,2,5,94,1,0,1,3,40,40,2,2,1,46,48,0,0,False,False,False,False,,0,0,False,False,False,False,False,False,False,False,False,False,False,False,39.903,38.624,10,107,Center,False,False,3,1
2023-wimbledon-1301,Carlos Alcaraz,Nicolas Jarry,4290,2,5,95,1,0,1,3,AD,40,2,1,2,46,49,0,0,False,False,False,False,,0,0,False,False,False,True,False,True,True,False,False,False,True,False,26.961,12.75,3,118,Wide,True,False,3,1
2023-wimbledon-1301,Carlos Alcaraz,Nicolas Jarry,4328,2,5,96,1,0,1,3,40,40,2,1,2,46,50,0,0,False,False,False,False,,0,0,False,False,False,False,False,False,False,False,False,False,False,False,6.211,4.663,1,131,Center,False,False,3,1
2023-wimbledon-1301,Carlos Alcaraz,Nicolas Jarry,4357,2,5,97,1,0,1,3,40,AD,2,1,2,46,51,2,0,False,False,False,True,Forehand,0,0,False,False,False,True,False,True,False,False,False,False,False,False,20.629,16.426,5,129,Body/Wide,False,,3,1
2023-wimbledon-1301,Carlos Alcaraz,Nicolas Jarry,4488,2,6,98,1,0,1,4,0,0,1,2,2,46,52,0,0,False,False,False,False,,0,0,False,False,False,False,False,False,False,False,False,False,False,False,6.367,14.617,2,115,Center,False,False,3,1
2023-wimbledon-1301,Carlos Alcaraz,Nicolas Jarry,4527,2,6,99,1,0,1,4,0,15,1,1,1,47,52,0,0,False,False,False,False,,0,0,False,False,False,False,False,False,False,False,False,False,False,False,4.716,6.076,1,109,Center,False,False,3,1
2023-wimbledon-1301,Carlos Alcaraz,Nicolas Jarry,4555,2,6,100,1,0,1,4,15,15,1,2,2,47,53,0,0,False,False,False,False,,0,0,True,False,False,False,False,False,False,False,False,False,False,False,5.607,6.246,2,91,Center,False,False,3,1
2023-wimbledon-1301,Carlos Alcaraz,Nicolas Jarry,4613,2,6,101,1,0,1,4,15,30,1,1,1,48,53,0,0,False,False,False,False,,0,0,False,False,False,False,False,False,False,False,False,False,False,False,2.576,4.202,1,126,Wide,False,False,3,1
2023-wimbledon-1301,Carlos Alcaraz,Nicolas Jarry,4642,2,6,102,1,0,1,4,30,30,1,1,1,49,53,0,0,False,False,False,False,,0,0,False,False,False,False,False,False,False,False,False,False,False,False,12.352,19.512,1,108,Body,False,True,3,1
2023-wimbledon-1301,Carlos Alcaraz,Nicolas Jarry,4668,2,6,103,1,0,1,4,40,30,1,1,2,49,54,0,0,False,False,False,True,Forehand,0,0,False,False,False,False,False,False,False,False,False,False,False,False,29.38,47.896,10,97,Wide,False,True,3,1
2023-wimbledon-1301,Carlos Alcaraz,Nicolas Jarry,4710,2,6,104,1,0,1,4,40,40,1,1,1,50,54,0,0,False,False,True,False,Backhand,0,0,False,False,True,False,True,False,False,False,False,False,False,False,7.675,16.449,3,127,Center,False,,3,1
2023-wimbledon-1301,Carlos Alcaraz,Nicolas Jarry,4741,2,6,105,1,0,1,4,AD,40,1,2,1,51,54,1,0,False,False,True,False,,0,0,False,False,False,False,False,False,False,False,False,False,False,False,0.75,1.157,1,121,Center,False,,3,1
2023-wimbledon-1301,Carlos Alcaraz,Nicolas Jarry,4797,2,7,106,1,0,2,4,0,0,2,1,1,52,54,0,0,False,False,False,False,,0,0,False,True,False,False,False,False,False,False,False,False,False,False,17.854,13.776,4,118,Body/Center,False,True,3,1
2023-wimbledon-1301,Carlos Alcaraz,Nicolas Jarry,4831,2,7,107,1,0,2,4,15,0,2,1,2,52,55,0,0,False,False,False,False,,0,0,True,False,False,False,False,False,False,False,False,False,False,False,17.377,13.994,3,128,Wide,False,True,3,1
2023-wimbledon-1301,Carlos Alcaraz,Nicolas Jarry,4866,2,7,108,1,0,2,4,15,15,2,1,2,52,56,0,0,False,False,False,False,,0,0,True,False,False,False,False,False,False,False,False,False,False,False,14.452,17.608,3,132,Center,False,True,3,1
2023-wimbledon-1301,Carlos Alcaraz,Nicolas Jarry,4901,2,7,109,1,0,2,4,15,30,2,1,2,52,57,0,0,False,False,False,True,Forehand,0,0,False,False,False,True,False,True,False,False,False,False,False,False,13.127,10.798,3,125,Wide,True,,3,1
2023-wimbledon-1301,Carlos Alcaraz,Nicolas Jarry,4935,2,7,110,1,0,2,4,15,40,2,1,1,53,57,0,0,False,False,False,False,,0,0,False,False,False,False,False,False,False,False,False,False,False,False,40.298,14.758,2,108,Wide,False,False,3,1
2023-wimbledon-1301,Carlos Alcaraz,Nicolas Jarry,4966,2,7,111,1,0,2,4,30,40,2,2,1,54,57,0,0,False,False,False,False,,0,0,False,True,False,True,False,False,False,False,False,False,False,False,50.075,39.635,8,98,Body/Wide,False,False,3,1
2023-wimbledon-1301,Carlos Alcaraz,Nicolas Jarry,5038,2,7,112,1,0,2,4,40,40,2,2,1,55,57,0,0,False,False,False,False,,0,0,False,True,False,False,False,False,False,False,False,False,False,False,33.142,28.309,8,115,Body/Center,False,True,3,1
2023-wimbledon-1301,Carlos Alcaraz,Nicolas Jarry,5101,2,7,113,1,0,2,4,AD,40,2,1,2,55,58,0,0,False,False,False,False,,0,0,False,False,False,False,False,False,True,False,False,False,True,False,11.436,5.977,1,120,Center,True,False,3,1
2023-wimbledon-1301,Carlos Alcaraz,Nicolas Jarry,5132,2,7,114,1,0,2,4,40,40,2,1,2,55,59,0,0,False,False,False,True,Forehand,0,0,False,False,False,True,False,True,False,False,False,False,False,False,32.537,26.376,7,130,Center,False,True,3,1
2023-wimbledon-1301,Carlos Alcaraz,Nicolas Jarry,5177,2,7,115,1,0,2,4,40,AD,2,1,1,56,59,0,0,False,False,False,False,,0,0,False,True,False,True,False,False,False,False,False,False,False,False,15.161,12.446,4,124,Body/Wide,False,True,3,1
2023-wimbledon-1301,Carlos Alcaraz,Nicolas Jarry,5219,2,7,116,1,0,2,4,40,40,2,2,1,57,59,0,0,False,False,False,False,,0,0,False,False,False,True,False,False,False,False,False,False,False,False,26.033,22.001,6,113,Body,True,False,3,1
2023-wimbledon-1301,Carlos Alcaraz,Nicolas Jarry,5308,2,7,117,1,0,2,4,AD,40,2,1,1,58,59,1,0,False,False,False,False,,0,0,False,True,False,False,False,False,True,False,True,False,False,False,9.834,6.693,2,130,Body/Wide,False,False,3,1
2023-wimbledon-1301,Carlos Alcaraz,Nicolas Jarry,5429,2,8,118,1,0,3,4,0,0,1,1,1,59,59,0,0,False,False,False,False,,0,0,False,False,False,False,False,False,False,False,False,False,False,False,2.388,3.901,1,109,Wide,True,False,3,1
2023-wimbledon-1301,Carlos Alcaraz,Nicolas Jarry,5448,2,8,119,1,0,3,4,15,0,1,2,1,60,59,0,0,False,False,False,False,,0,0,False,False,False,False,False,False,False,False,False,False,False,False,3.157,3.993,1,91,Body/Wide,False,True,3,1
2023-wimbledon-1301,Carlos Alcaraz,Nicolas Jarry,5481,2,8,120,1,0,3,4,30,0,1,2,1,61,59,0,0,False,False,False,False,,0,0,False,True,False,True,False,False,False,False,False,False,False,False,9.182,15.422,3,100,Body,False,True,3,1
2023-wimbledon-1301,Carlos Alcaraz,Nicolas Jarry,5519,2,8,121,1,0,3,4,40,0,1,1,1,62,59,1,0,False,False,True,False,Forehand,0,0,False,False,False,False,False,False,False,False,False,False,False,False,9.346,12.581,3,113,Center,True,False,3,1
2023-wimbledon-1301,Carlos Alcaraz,Nicolas Jarry,5565,2,9,122,1,0,4,4,0,0,2,1,1,63,59,0,0,False,False,False,False,,0,0,False,False,False,False,False,False,False,False,False,False,False,False,8.636,7.568,2,130,Body/Center,False,True,3,1
2023-wimbledon-1301,Carlos Alcaraz,Nicolas Jarry,5591,2,9,123,1,0,4,4,15,0,2,1,2,63,60,0,0,False,True,False,True,,0,0,False,False,False,False,False,False,False,False,False,False,False,False,1.547,1.046,1,125,Center,False,,3,1
2023-wimbledon-1301,Carlos Alcaraz,Nicolas Jarry,5617,2,9,124,1,0,4,4,15,15,2,2,2,63,61,0,0,False,False,False,False,,0,0,False,False,False,False,False,False,False,False,False,False,False,False,4.077,3.731,1,106,Center,False,False,3,1
2023-wimbledon-1301,Carlos Alcaraz,Nicolas Jarry,5656,2,9,125,1,0,4,4,15,30,2,1,2,63,62,0,0,False,True,False,True,,0,0,False,False,False,False,False,False,False,False,False,False,False,False,7.731,4.601,1,123,Center,False,True,3,1
2023-wimbledon-1301,Carlos Alcaraz,Nicolas Jarry,5682,2,9,126,1,0,4,4,15,40,2,1,2,63,63,2,0,False,False,False,False,,0,0,False,False,False,False,False,False,False,False,False,False,False,False,30.357,15.027,3,126,Center,False,True,3,1
2023-wimbledon-1301,Carlos Alcaraz,Nicolas Jarry,5788,2,10,127,1,0,4,5,0,0,1,1,1,64,63,0,0,False,False,False,False,,0,0,False,False,False,False,False,False,False,False,False,False,False,False,5.517,10.031,1,127,Center,False,True,3,1
2023-wimbledon-1301,Carlos Alcaraz,Nicolas Jarry,5817,2,10,128,1,0,4,5,15,0,1,2,2,64,64,0,0,False,False,False,False,,0,0,False,False,False,False,False,False,False,False,False,False,False,False,18.229,36.142,6,119,Body/Center,False,True,3,1
2023-wimbledon-1301,Carlos Alcaraz,Nicolas Jarry,5881,2,10,129,1,0,4,5,15,15,1,2,1,65,64,0,0,False,False,False,False,,0,0,False,True,False,False,False,False,False,False,False,False,False,False,2.83,3.42,1,91,Center,False,False,3,1
2023-wimbledon-1301,Carlos Alcaraz,Nicolas Jarry,5923,2,10,130,1,0,4,5,30,15,1,1,1,66,64,0,0,False,False,False,False,,0,0,False,False,False,False,False,False,False,False,False,False,False,False,32.24,55.37,7,115,Body/Center,False,False,3,1
2023-wimbledon-1301,Carlos Alcaraz,Nicolas Jarry,5963,2,10,131,1,0,4,5,40,15,1,1,2,66,65,0,0,False,False,False,False,,0,0,False,False,False,False,False,False,False,False,False,False,False,False,9.467,13.062,2,114,Body/Wide,False,,3,1
2023-wimbledon-1301,Carlos Alcaraz,Nicolas Jarry,5996,2,10,132,1,0,4,5,40,30,1,1,1,67,65,1,0,False,False,False,False,,0,0,False,False,False,False,False,False,False,False,False,False,False,False,18.941,24.158,5,119,Center,False,False,3,1
2023-wimbledon-1301,Carlos Alcaraz,Nicolas Jarry,6044,2,11,133,1,0,5,5,0,0,2,1,2,67,66,0,0,False,True,False,True,,0,0,False,False,False,False,False,False,False,False,False,False,False,False,1.087,0.648,1,111,Wide,True,,3,1
2023-wimbledon-1301,Carlos Alcaraz,Nicolas Jarry,6070,2,11,134,1,0,5,5,0,15,2,1,2,67,67,0,0,False,False,False,False,,0,0,False,False,False,False,False,False,False,False,False,False,False,False,7.276,4.743,1,132,Body,True,True,3,1
2023-wimbledon-1301,Carlos Alcaraz,Nicolas Jarry,6099,2,11,135,1,0,5,5,0,30,2,2,1,68,67,0,0,False,False,False,False,,0,0,False,True,False,False,False,False,False,False,False,False,False,False,10.946,8.844,2,105,Center,False,True,3,1
2023-wimbledon-1301,Carlos Alcaraz,Nicolas Jarry,6142,2,11,136,1,0,5,5,15,30,2,1,2,68,68,0,0,False,False,False,False,,0,0,False,False,False,False,False,False,False,False,False,False,False,False,28.855,13.468,3,132,Body/Wide,True,False,3,1
2023-wimbledon-1301,Carlos Alcaraz,Nicolas Jarry,6195,2,11,137,1,0,5,5,15,40,2,2,2,68,69,2,0,False,False,False,False,,0,0,False,False,False,False,False,False,False,False,False,False,False,False,4.713,5.199,1,100,Body/Center,False,True,3,1
2023-wimbledon-1301,Carlos Alcaraz,Nicolas Jarry,6324,2,12,138,1,0,5,6,0,0,1,1,1,69,69,0,0,True,False,True,False,,0,0,False,False,False,False,False,False,False,False,False,False,False,False,7.323,7.217,1,129,Center,False,True,3,1
2023-wimbledon-1301,Carlos Alcaraz,Nicolas Jarry,6359,2,12,139,1,0,5,6,15,0,1,2,1,70,69,0,0,False,False,False,False,,0,0,False,False,False,False,False,False,False,False,False,False,False,False,1.865,3.688,1,98,Body/Wide,False,False,3,1
2023-wimbledon-1301,Carlos Alcaraz,Nicolas Jarry,6398,2,12,140,1,0,5,6,30,0,1,2,1,71,69,0,0,False,False,False,False,,0,0,False,False,False,False,False,False,False,False,False,False,False,False,1.945,2.386,1,122,Body/Center,False,False,3,1
2023-wimbledon-1301,Carlos Alcaraz,Nicolas Jarry,6437,2,12,141,1,0,5,6,40,0,1,1,1,72,69,1,0,False,False,False,False,,0,0,False,False,False,True,False,False,False,False,False,False,False,False,18.845,42.672,3,129,Body/Center,False,False,3,1
2023-wimbledon-1301,Carlos Alcaraz,Nicolas Jarry,6492,2,13,142,1,0,6,6,0,0,2,1,2,72,70,0,0,False,False,False,False,,0,0,False,False,False,False,False,False,False,False,False,False,False,False,68.799,52.441,15,128,Center,False,False,3,1
2023-wimbledon-1301,Carlos Alcaraz,Nicolas Jarry,6551,2,13,143,1,0,6,6,0,1,1,1,1,73,70,0,0,False,False,False,False,,0,0,False,False,False,False,False,False,False,False,False,False,False,False,5.871,5.357,1,127,Body,False,True,3,1
2023-wimbledon-1301,Carlos Alcaraz,Nicolas Jarry,6577,2,13,144,1,0,6,6,1,1,1,2,1,74,70,0,0,False,False,False,False,,0,0,False,False,False,False,False,False,False,False,False,False,False,False,51.185,46.792,13,100,Body/Center,False,False,3,1
2023-wimbledon-1301,Carlos Alcaraz,Nicolas Jarry,6692,2,13,145,1,0,6,6,2,1,2,1,2,74,71,0,0,False,False,False,True,,0,0,False,False,False,False,False,False,False,False,False,False,False,False,9.273,6.262,1,128,Wide,True,False,3,1
2023-wimbledon-1301,Carlos Alcaraz,Nicolas Jarry,6723,2,13,146,1,0,6,6,2,2,2,1,2,74,72,0,0,False,True,False,True,,0,0,False,False,False,False,False,False,False,False,False,False,False,False,4.948,4.836,1,130,Center,True,,3,1
2023-wimbledon-1301,Carlos Alcaraz,Nicolas Jarry,6761,2,13,147,1,0,6,6,2,3,1,1,1,75,72,0,0,False,False,False,False,,0,0,False,False,True,False,True,False,False,False,False,False,False,False,24.001,22.749,5,119,Body/Center,False,False,3,1
2023-wimbledon-1301,Carlos Alcaraz,Nicolas Jarry,6823,2,13,148,1,0,6,6,3,3,1,1,1,76,72,0,0,False,False,False,False,,0,0,False,False,False,False,False,False,False,False,False,False,False,False,4.91,8.583,1,111,Wide,True,True,3,1
2023-wimbledon-1301,Carlos Alcaraz,Nicolas Jarry,6865,2,13,149,1,0,6,6,4,3,2,1,2,76,73,0,0,False,False,False,False,,0,0,False,False,False,False,False,False,False,False,False,False,False,False,10.121,8.641,1,127,Body,False,True,3,1
2023-wimbledon-1301,Carlos Alcaraz,Nicolas Jarry,6897,2,13,150,1,0,6,6,4,4,2,2,2,76,74,0,0,False,False,False,False,,0,0,True,False,False,False,False,False,False,False,False,False,False,False,12.105,12.593,3,104,Body,False,True,3,1
2023-wimbledon-1301,Carlos Alcaraz,Nicolas Jarry,6953,2,13,151,1,0,6,6,4,5,1,1,1,77,74,0,0,False,False,True,False,Forehand,0,0,False,False,False,True,False,False,False,False,False,False,False,False,19.083,27.636,5,130,Body,True,False,3,1
2023-wimbledon-1301,Carlos Alcaraz,Nicolas Jarry,6992,2,13,152,1,0,6,6,5,5,1,1,1,78,74,0,0,False,False,True,False,Forehand,0,0,False,False,True,False,True,False,False,False,False,False,False,False,4.877,7.639,3,129,Body/Center,True,False,3,1
2023-wimbledon-1301,Carlos Alcaraz,Nicolas Jarry,7031,2,13,153,1,0,6,6,6,5,2,1,2,78,75,0,0,False,False,False,False,,0,0,False,False,False,True,False,True,False,False,False,False,False,False,20.076,14.846,3,129,Wide,True,,3,1
2023-wimbledon-1301,Carlos Alcaraz,Nicolas Jarry,7105,2,13,154,1,0,6,6,6,6,2,1,2,78,76,0,0,False,False,False,False,,0,0,False,False,False,False,False,False,False,False,False,False,False,False,5.514,4.409,1,128,Center,False,False,3,1
2023-wimbledon-1301,Carlos Alcaraz,Nicolas Jarry,7144,2,13,155,1,0,6,6,6,7,1,1,2,78,77,2,2,False,False,False,False,,0,0,False,False,False,False,False,False,False,False,False,False,False,False,28.777,19.769,4,122,Body/Center,False,False,3,1
2023-wimbledon-1301,Carlos Alcaraz,Nicolas Jarry,7445,3,1,156,1,1,0,0,0,0,1,2,1,79,77,0,0,False,False,False,False,,0,0,False,True,False,False,False,False,False,False,False,False,False,False,26.561,47.51,7,96,Body,True,True,3,1
2023-wimbledon-1301,Carlos Alcaraz,Nicolas Jarry,7490,3,1,157,1,1,0,0,15,0,1,2,2,79,78,0,0,False,False,False,False,,0,0,False,False,False,True,False,True,False,False,False,False,False,False,17.347,25.367,4,96,Body,False,False,3,1
2023-wimbledon-1301,Carlos Alcaraz,Nicolas Jarry,7538,3,1,158,1,1,0,0,15,15,1,2,1,80,78,0,0,False,False,False,False,,0,0,False,False,False,False,False,False,False,False,False,False,False,False,3.959,3.97,1,126,Center,True,False,3,1
2023-wimbledon-1301,Carlos Alcaraz,Nicolas Jarry,7580,3,1,159,1,1,0,0,30,15,1,2,2,80,79,0,0,False,False,False,False,,1,0,True,False,False,False,False,False,False,False,False,False,False,False,5.45,6.694,0,,Body,True,False,3,1
2023-wimbledon-1301,Carlos Alcaraz,Nicolas Jarry,7622,3,1,160,1,1,0,0,30,30,1,1,1,81,79,0,0,False,False,False,False,,0,0,False,False,False,False,False,False,False,False,False,False,False,False,4.131,5.861,1,113,Wide,True,True,3,1
2023-wimbledon-1301,Carlos Alcaraz,Nicolas Jarry,7647,3,1,161,1,1,0,0,40,30,1,1,1,82,79,1,0,False,False,False,False,,0,0,False,False,False,False,False,False,False,False,False,False,False,False,6.968,15.75,1,113,Center,False,False,3,1
2023-wimbledon-1301,Carlos Alcaraz,Nicolas Jarry,7721,3,2,162,1,1,1,0,0,0,2,1,1,83,79,0,0,False,False,False,False,,0,0,False,False,True,False,True,False,False,False,False,False,False,False,33.675,33.494,8,126,Center,False,False,3,1
2023-wimbledon-1301,Carlos Alcaraz,Nicolas Jarry,7768,3,2,163,1,1,1,0,15,0,2,1,2,83,80,0,0,False,False,False,False,,0,0,False,False,False,True,False,True,False,False,False,False,False,False,9.172,6.57,1,130,Wide,False,False,3,1
2023-wimbledon-1301,Carlos Alcaraz,Nicolas Jarry,7800,3,2,164,1,1,1,0,15,15,2,2,2,83,81,0,0,False,False,False,True,Backhand,0,0,False,False,False,False,False,False,False,False,False,False,False,False,52.816,20.502,3,109,Body,False,False,3,1
2023-wimbledon-1301,Carlos Alcaraz,Nicolas Jarry,7855,3,2,165,1,1,1,0,15,30,2,1,1,84,81,0,0,False,False,False,False,,0,0,False,False,False,False,False,False,False,False,False,False,False,False,9.47,6.624,2,128,Body/Wide,False,True,3,1
2023-wimbledon-1301,Carlos Alcaraz,Nicolas Jarry,7895,3,2,166,1,1,1,0,30,30,2,1,1,85,81,0,0,False,False,False,False,,0,0,False,True,False,True,False,False,False,False,False,False,False,False,17.922,14.558,4,130,Center,False,False,3,1
2023-wimbledon-1301,Carlos Alcaraz,Nicolas Jarry,7935,3,2,167,1,1,1,0,40,30,2,1,2,85,82,0,0,False,False,False,True,Forehand,0,0,False,False,False,True,False,True,True,False,False,False,True,False,11.452,10.886,3,127,Wide,True,,3,1
2023-wimbledon-1301,Carlos Alcaraz,Nicolas Jarry,7973,3,2,168,1,1,1,0,40,40,2,2,1,86,82,0,0,False,False,False,False,,0,0,False,True,False,False,False,False,False,False,False,False,False,False,8.123,6.082,2,114,Body/Wide,False,False,3,1
2023-wimbledon-1301,Carlos Alcaraz,Nicolas Jarry,8018,3,2,169,1,1,1,0,AD,40,2,1,2,86,83,0,0,False,False,False,False,,0,0,False,False,False,False,False,False,True,False,False,False,True,False,27.335,7.822,1,130,Wide,True,False,3,1
2023-wimbledon-1301,Carlos Alcaraz,Nicolas Jarry,8048,3,2,170,1,1,1,0,40,40,2,1,2,86,84,0,0,False,False,False,True,Forehand,0,0,False,False,False,False,False,False,False,False,False,False,False,False,10.23,7.241,3,118,Body/Wide,False,False,3,1
2023-wimbledon-1301,Carlos Alcaraz,Nicolas Jarry,8093,3,2,171,1,1,1,0,40,AD,2,2,1,87,84,0,0,False,False,False,False,,0,1,False,True,False,False,False,False,False,False,False,False,False,False,11.861,6.606,0,,Body,True,,3,1
2023-wimbledon-1301,Carlos Alcaraz,Nicolas Jarry,8148,3,2,172,1,1,1,0,40,40,2,1,2,87,85,0,0,False,False,False,False,,0,0,False,False,False,False,False,False,False,False,False,False,False,False,6.797,3.806,1,129,Center,True,False,3,1
2023-wimbledon-1301,Carlos Alcaraz,Nicolas Jarry,8175,3,2,173,1,1,1,0,40,AD,2,1,2,87,86,2,0,False,False,False,True,Forehand,0,0,False,False,False,True,False,True,False,False,False,False,False,False,16.698,14.275,5,128,Wide,False,False,3,1
2023-wimbledon-1301,Carlos Alcaraz,Nicolas Jarry,8218,3,3,174,1,1,1,1,0,0,1,2,1,88,86,0,0,False,False,True,False,Forehand,0,0,False,False,False,False,False,False,False,False,False,False,False,False,22.725,30.75,7,92,Center,False,False,3,1
2023-wimbledon-1301,Carlos Alcaraz,Nicolas Jarry,8266,3,3,175,1,1,1,1,15,0,1,1,1,89,86,0,0,False,False,True,False,Forehand,0,0,False,False,False,False,False,False,False,False,False,False,False,False,10.8,19.121,3,114,Center,False,False,3,1
2023-wimbledon-1301,Carlos Alcaraz,Nicolas Jarry,8296,3,3,176,1,1,1,1,30,0,1,1,2,89,87,0,0,False,False,False,True,Forehand,0,0,False,False,False,False,False,False,False,False,False,False,False,False,28.877,32.934,6,127,Center,False,True,3,1
2023-wimbledon-1301,Carlos Alcaraz,Nicolas Jarry,8333,3,3,177,1,1,1,1,30,15,1,2,2,89,88,0,0,False,False,False,False,,0,0,True,False,False,False,False,False,False,False,False,False,False,False,16.725,14.741,4,95,Body/Wide,True,False,3,1
2023-wimbledon-1301,Carlos Alcaraz,Nicolas Jarry,8379,3,3,178,1,1,1,1,30,30,1,2,1,90,88,0,0,False,False,False,False,,0,0,False,True,False,False,False,False,False,False,False,False,False,False,11.081,11.092,3,104,Body/Center,False,True,3,1
2023-wimbledon-1301,Carlos Alcaraz,Nicolas Jarry,8427,3,3,179,1,1,1,1,40,30,1,1,1,91,88,1,0,True,False,True,False,,0,0,False,False,False,False,False,False,False,False,False,False,False,False,7.905,24.521,1,122,Wide,True,True,3,1
2023-wimbledon-1301,Carlos Alcaraz,Nicolas Jarry,8566,3,4,180,1,1,2,1,0,0,2,2,1,92,88,0,0,False,False,False,False,,0,0,False,True,False,True,False,False,False,False,False,False,False,False,9.981,13.467,2,108,Body,False,False,3,1
2023-wimbledon-1301,Carlos Alcaraz,Nicolas Jarry,8616,3,4,181,1,1,2,1,15,0,2,1,1,93,88,0,0,False,False,True,False,Forehand,0,0,False,False,False,True,False,False,False,False,False,False,False,False,27.698,24.671,6,129,Body/Wide,True,True,3,1
2023-wimbledon-1301,Carlos Alcaraz,Nicolas Jarry,8661,3,4,182,1,1,2,1,30,0,2,2,2,93,89,0,0,False,False,False,False,,0,0,True,False,False,False,False,False,False,False,False,False,False,False,20.258,11.909,3,106,Body,True,True,3,1
2023-wimbledon-1301,Carlos Alcaraz,Nicolas Jarry,8730,3,4,183,1,1,2,1,30,15,2,1,1,94,89,0,0,False,False,False,False,,0,0,False,True,False,False,False,False,False,False,False,False,False,False,12.132,7.399,2,127,Body/Wide,False,True,3,1
2023-wimbledon-1301,Carlos Alcaraz,Nicolas Jarry,8759,3,4,184,1,1,2,1,40,15,2,1,1,95,89,1,0,False,False,False,False,,0,0,False,False,False,False,False,False,True,False,True,False,False,False,25.215,21.594,6,133,Center,False,False,3,1
2023-wimbledon-1301,Carlos Alcaraz,Nicolas Jarry,8805,3,5,185,1,1,3,1,0,0,1,1,1,96,89,0,0,True,False,True,False,,0,0,False,False,False,False,False,False,False,False,False,False,False,False,0.585,0.853,1,130,Center,False,,3,1
2023-wimbledon-1301,Carlos Alcaraz,Nicolas Jarry,8829,3,5,186,1,1,3,1,15,0,1,1,1,97,89,0,0,False,False,True,False,,0,0,False,False,False,False,False,False,False,False,False,False,False,False,1.91,3.696,1,127,Wide,True,True,3,1
2023-wimbledon-1301,Carlos Alcaraz,Nicolas Jarry,8855,3,5,187,1,1,3,1,30,0,1,2,1,98,89,0,0,False,False,False,False,,0,0,False,True,False,False,False,False,False,False,False,False,False,False,26.138,27.732,9,103,Body/Center,False,False,3,1
2023-wimbledon-1301,Carlos Alcaraz,Nicolas Jarry,8901,3,5,188,1,1,3,1,40,0,1,2,2,98,90,0,0,False,False,False,False,,1,0,True,False,False,False,False,False,False,False,False,False,False,False,1.076,1.74,0,,Wide,True,,3,1
2023-wimbledon-1301,Carlos Alcaraz,Nicolas Jarry,8939,3,5,189,1,1,3,1,40,15,1,1,1,99,90,1,0,True,False,True,False,,0,0,False,False,False,False,False,False,False,False,False,False,False,False,0.778,1.077,1,107,Wide,True,,3,1
2023-wimbledon-1301,Carlos Alcaraz,Nicolas Jarry,9063,3,6,190,1,1,4,1,0,0,2,2,1,100,90,0,0,False,False,False,False,,0,0,False,True,False,False,False,False,False,False,False,False,False,False,17.965,15.911,4,110,Center,False,False,3,1
2023-wimbledon-1301,Carlos Alcaraz,Nicolas Jarry,9121,3,6,191,1,1,4,1,15,0,2,1,2,100,91,0,0,False,False,False,True,,0,0,False,False,False,False,False,False,False,False,False,False,False,False,1.075,0.785,1,121,Center,False,,3,1
2023-wimbledon-1301,Carlos Alcaraz,Nicolas Jarry,9144,3,6,192,1,1,4,1,15,15,2,2,2,100,92,0,0,False,False,False,False,,0,0,False,False,False,False,False,False,False,False,False,False,False,False,4.072,3.528,1,107,Wide,False,True,3,1
2023-wimbledon-1301,Carlos Alcaraz,Nicolas Jarry,9181,3,6,193,1,1,4,1,15,30,2,2,1,101,92,0,0,False,False,False,False,,0,0,False,False,True,False,True,False,False,False,False,False,False,False,15.125,18.237,2,105,Body/Wide,False,True,3,1
2023-wimbledon-1301,Carlos Alcaraz,Nicolas Jarry,9244,3,6,194,1,1,4,1,30,30,2,2,2,101,93,0,0,False,False,False,True,Forehand,0,0,False,False,False,False,False,False,False,False,False,False,False,False,8.346,8.608,3,111,Body/Center,False,False,3,1
2023-wimbledon-1301,Carlos Alcaraz,Nicolas Jarry,9286,3,6,195,1,1,4,1,30,40,2,1,2,101,94,2,0,False,False,False,False,,0,0,False,False,False,True,False,True,False,False,False,False,False,False,11.882,6.858,1,132,Wide,False,False,3,1
2023-wimbledon-1301,Carlos Alcaraz,Nicolas Jarry,9322,3,7,196,1,1,4,2,0,0,1,1,1,102,94,0,0,False,False,True,False,,0,0,False,False,False,False,False,False,False,False,False,False,False,False,3.652,5.284,1,107,Wide,False,False,3,1
2023-wimbledon-1301,Carlos Alcaraz,Nicolas Jarry,9346,3,7,197,1,1,4,2,15,0,1,1,1,103,94,0,0,False,False,False,False,,0,0,False,False,False,False,False,False,False,False,False,False,False,False,13.487,15.647,3,117,Wide,True,False,3,1
2023-wimbledon-1301,Carlos Alcaraz,Nicolas Jarry,9375,3,7,198,1,1,4,2,30,0,1,2,1,104,94,0,0,False,False,False,False,,0,0,False,True,False,False,False,False,False,False,False,False,False,False,14.958,15.843,3,90,Body/Center,False,False,3,1
2023-wimbledon-1301,Carlos Alcaraz,Nicolas Jarry,9414,3,7,199,1,1,4,2,40,0,1,1,1,105,94,1,0,True,False,True,False,,0,0,False,False,False,False,False,False,False,False,False,False,False,False,0.778,0.859,1,109,Wide,True,,3,1
2023-wimbledon-1301,Carlos Alcaraz,Nicolas Jarry,9529,3,8,200,1,1,5,2,0,0,2,1,2,105,95,0,0,False,False,False,False,,0,0,False,False,False,False,False,False,False,False,False,False,False,False,6.718,4.45,1,126,Center,False,True,3,1
2023-wimbledon-1301,Carlos Alcaraz,Nicolas Jarry,9549,3,8,201,1,1,5,2,0,15,2,1,1,106,95,0,0,False,False,False,False,,0,0,False,True,False,False,False,False,False,False,False,False,False,False,7.631,6.643,2,116,Body/Center,False,False,3,1
2023-wimbledon-1301,Carlos Alcaraz,Nicolas Jarry,9579,3,8,202,1,1,5,2,15,15,2,1,2,106,96,0,0,False,False,False,False,,0,0,False,False,False,True,False,True,False,False,False,False,False,False,70.044,52.444,9,116,Body/Wide,False,False,3,1
2023-wimbledon-1301,Carlos Alcaraz,Nicolas Jarry,9634,3,8,203,1,1,5,2,15,30,2,1,1,107,96,0,0,False,False,True,False,Backhand,0,0,False,False,False,False,False,False,False,False,False,False,False,False,42.94,42.683,10,127,Body/Wide,False,False,3,1
2023-wimbledon-1301,Carlos Alcaraz,Nicolas Jarry,9688,3,8,204,1,1,5,2,30,30,2,1,1,108,96,0,0,False,False,False,False,,0,0,False,True,False,False,False,False,False,False,False,False,False,False,21.835,17.538,4,114,Body/Wide,False,True,3,1
2023-wimbledon-1301,Carlos Alcaraz,Nicolas Jarry,9727,3,8,205,1,1,5,2,40,30,2,1,2,108,97,0,0,False,True,False,True,,0,0,False,False,False,False,False,False,True,False,False,False,True,False,0.729,0.772,1,127,Wide,True,,3,1
2023-wimbledon-1301,Carlos Alcaraz,Nicolas Jarry,9755,3,8,206,1,1,5,2,40,40,2,1,2,108,98,0,0,False,True,False,True,,0,0,False,False,False,False,False,False,False,False,False,False,False,False,1.617,0.719,1,114,Wide,True,,3,1
2023-wimbledon-1301,Carlos Alcaraz,Nicolas Jarry,9782,3,8,207,1,1,5,2,40,AD,2,1,2,108,99,2,0,False,True,False,True,,0,0,False,False,False,False,False,False,False,False,False,False,False,False,1.136,0.73,1,124,Center,False,,3,1
2023-wimbledon-1301,Carlos Alcaraz,Nicolas Jarry,9827,3,9,208,1,1,5,3,0,0,1,2,1,109,99,0,0,False,False,False,False,,0,0,False,False,False,False,False,False,False,False,False,False,False,False,7.308,36.062,1,97,Center,True,False,3,1
2023-wimbledon-1301,Carlos Alcaraz,Nicolas Jarry,9870,3,9,209,1,1,5,3,15,0,1,1,1,110,99,0,0,False,False,True,False,Forehand,0,0,False,False,True,False,True,False,False,False,False,False,False,False,12.63,22.045,3,109,Center,False,,3,1
2023-wimbledon-1301,Carlos Alcaraz,Nicolas Jarry,9905,3,9,210,1,1,5,3,30,0,1,2,1,111,99,0,0,False,False,False,False,,0,0,False,True,False,False,False,False,False,False,False,False,False,False,4.239,3.606,1,95,Body/Center,False,True,3,1
2023-wimbledon-1301,Carlos Alcaraz,Nicolas Jarry,9958,3,9,211,1,1,5,3,40,0,1,1,2,111,100,0,0,False,False,False,False,,0,0,True,False,True,False,False,False,False,False,False,False,False,False,8.358,15.575,2,112,Center,False,False,3,1
2023-wimbledon-1301,Carlos Alcaraz,Nicolas Jarry,9989,3,9,212,1,1,5,3,40,15,1,1,1,112,100,1,1,False,False,False,False,,0,0,False,False,False,False,False,False,False,False,False,False,False,False,11.526,13.833,1,128,Center,False,True,3,1
2023-wimbledon-1301,Carlos Alcaraz,Nicolas Jarry,10157,4,1,213,2,1,0,0,0,0,2,2,1,113,100,0,0,False,False,False,False,,0,0,False,True,False,True,False,False,False,False,False,False,False,False,32.923,14.93,4,110,Body/Wide,True,False,3,1
2023-wimbledon-1301,Carlos Alcaraz,Nicolas Jarry,10203,4,1,214,2,1,0,0,15,0,2,2,2,113,101,0,0,False,False,False,False,,0,0,False,False,False,False,False,False,False,False,False,False,False,False,16.843,16.987,3,98,Body/Wide,False,True,3,1
2023-wimbledon-1301,Carlos Alcaraz,Nicolas Jarry,10248,4,1,215,2,1,0,0,15,15,2,1,2,113,102,0,0,False,False,False,False,,0,0,False,False,False,False,False,False,False,False,False,False,False,False,8.902,6.893,1,109,Wide,True,,3,1
2023-wimbledon-1301,Carlos Alcaraz,Nicolas Jarry,10272,4,1,216,2,1,0,0,15,30,2,1,2,113,103,0,0,False,False,False,False,,0,0,False,False,False,True,False,True,False,False,False,False,False,False,7.188,8.153,1,128,Wide,True,True,3,1
2023-wimbledon-1301,Carlos Alcaraz,Nicolas Jarry,10300,4,1,217,2,1,0,0,15,40,2,1,2,113,104,2,0,False,False,False,True,,0,0,False,False,False,False,False,False,False,False,False,False,False,False,1.203,0.911,1,129,Center,False,,3,1
2023-wimbledon-1301,Carlos Alcaraz,Nicolas Jarry,10355,4,2,218,2,1,0,1,0,0,1,1,1,114,104,0,0,False,False,False,False,,0,0,False,False,False,False,False,False,False,False,False,False,False,False,25.195,30.651,7,121,Center,False,False,3,1
2023-wimbledon-1301,Carlos Alcaraz,Nicolas Jarry,10390,4,2,219,2,1,0,1,15,0,1,2,2,114,105,0,0,False,False,False,False,,1,0,True,False,False,False,False,False,False,False,False,False,False,False,1.544,2.202,0,,Body/Wide,True,,3,1
2023-wimbledon-1301,Carlos Alcaraz,Nicolas Jarry,10443,4,2,220,2,1,0,1,15,15,1,1,2,114,106,0,0,False,False,False,False,,0,0,True,False,False,False,False,False,False,False,False,False,False,False,12.946,29.134,2,126,Body/Center,True,False,3,1
2023-wimbledon-1301,Carlos Alcaraz,Nicolas Jarry,10483,4,2,221,2,1,0,1,15,30,1,1,1,115,106,0,0,False,False,False,False,,0,0,False,False,False,False,False,False,False,False,False,False,False,False,4.202,7.353,1,117,Center,False,False,3,1
2023-wimbledon-1301,Carlos Alcaraz,Nicolas Jarry,10510,4,2,222,2,1,0,1,30,30,1,2,2,115,107,0,0,False,False,False,False,,1,0,True,False,False,False,False,False,False,False,False,False,False,False,5.061,5.626,0,,Center,True,False,3,1
2023-wimbledon-1301,Carlos Alcaraz,Nicolas Jarry,10553,4,2,223,2,1,0,1,30,40,1,2,2,115,108,2,0,False,False,False,False,,0,0,False,False,False,False,False,False,False,True,False,True,False,False,40.04,44.105,10,93,Body/Wide,False,False,3,1
2023-wimbledon-1301,Carlos Alcaraz,Nicolas Jarry,10629,4,3,224,2,1,0,2,0,0,2,1,2,115,109,0,0,False,False,False,False,,0,0,False,False,False,True,False,True,False,False,False,False,False,False,15.329,13.638,3,124,Body/Center,False,,3,1
2023-wimbledon-1301,Carlos Alcaraz,Nicolas Jarry,10666,4,3,225,2,1,0,2,0,15,2,2,1,116,109,0,0,False,False,False,False,,0,0,False,False,False,False,False,False,False,False,False,False,False,False,6.648,6.862,2,113,Center,False,False,3,1
2023-wimbledon-1301,Carlos Alcaraz,Nicolas Jarry,10712,4,3,226,2,1,0,2,15,15,2,1,2,116,110,0,0,False,False,False,False,,0,0,False,False,False,True,False,True,False,False,False,False,False,False,18.285,13.035,3,112,Wide,False,False,3,1
2023-wimbledon-1301,Carlos Alcaraz,Nicolas Jarry,10755,4,3,227,2,1,0,2,15,30,2,1,2,116,111,0,0,False,False,False,True,Forehand,0,0,False,False,False,True,False,True,False,False,False,False,False,False,15.033,14.679,3,129,Body,False,False,3,1
2023-wimbledon-1301,Carlos Alcaraz,Nicolas Jarry,10788,4,3,228,2,1,0,2,15,40,2,1,1,117,111,0,0,False,False,True,False,Forehand,0,0,False,False,True,False,True,False,False,False,False,False,False,False,51.154,40.057,8,113,Wide,True,True,3,1
2023-wimbledon-1301,Carlos Alcaraz,Nicolas Jarry,10840,4,3,229,2,1,0,2,30,40,2,2,1,118,111,0,0,False,False,False,False,,0,0,False,True,False,False,False,False,False,False,False,False,False,False,37.839,42.274,10,108,Center,False,True,3,1
2023-wimbledon-1301,Carlos Alcaraz,Nicolas Jarry,10907,4,3,230,2,1,0,2,40,40,2,1,1,119,111,0,0,False,False,False,False,,0,0,False,False,False,False,False,False,False,False,False,False,False,False,22.348,25.995,4,117,Body/Wide,False,True,3,1
2023-wimbledon-1301,Carlos Alcaraz,Nicolas Jarry,10945,4,3,231,2,1,0,2,AD,40,2,1,2,119,112,0,0,False,False,False,True,Forehand,0,0,False,False,False,True,False,True,True,False,False,False,True,False,20.832,18.923,5,131,Wide,True,,3,1
2023-wimbledon-1301,Carlos Alcaraz,Nicolas Jarry,11007,4,3,232,2,1,0,2,40,40,2,1,2,119,113,0,0,False,False,False,False,,0,0,False,False,False,True,False,True,False,False,False,False,False,False,18.666,20.844,3,127,Center,False,False,3,1
2023-wimbledon-1301,Carlos Alcaraz,Nicolas Jarry,11046,4,3,233,2,1,0,2,40,AD,2,1,1,120,113,0,0,False,False,True,False,Backhand,0,0,False,False,False,True,False,False,False,False,False,False,False,False,17.768,17.486,4,119,Center,False,False,3,1
2023-wimbledon-1301,Carlos Alcaraz,Nicolas Jarry,11104,4,3,234,2,1,0,2,40,40,2,1,2,120,114,0,0,False,False,False,True,Forehand,0,0,False,False,False,False,False,False,False,False,False,False,False,False,16.272,4.794,3,,Center,False,False,3,1
2023-wimbledon-1301,Carlos Alcaraz,Nicolas Jarry,11136,4,3,235,2,1,0,2,40,AD,2,1,1,121,114,0,0,False,False,True,False,Forehand,0,0,False,False,False,True,False,False,False,False,False,False,False,False,19.741,11.995,4,129,Wide,True,False,3,1
2023-wimbledon-1301,Carlos Alcaraz,Nicolas Jarry,11176,4,3,236,2,1,0,2,40,40,2,2,1,122,114,0,0,False,False,False,False,,0,0,False,True,False,True,False,False,False,False,False,False,False,False,16.566,12.049,4,105,Body/Center,False,False,3,1
2023-wimbledon-1301,Carlos Alcaraz,Nicolas Jarry,11229,4,3,237,2,1,0,2,AD,40,2,1,2,122,115,0,0,False,True,False,True,,0,0,False,False,False,False,False,False,True,False,False,False,True,False,1.015,0.741,1,121,Center,True,,3,1
2023-wimbledon-1301,Carlos Alcaraz,Nicolas Jarry,11258,4,3,238,2,1,0,2,40,40,2,2,2,122,116,0,0,False,False,False,True,Forehand,0,0,False,False,False,True,False,True,False,False,False,False,False,False,34.6,48.407,7,110,Body,False,False,3,1
2023-wimbledon-1301,Carlos Alcaraz,Nicolas Jarry,11342,4,3,239,2,1,0,2,40,AD,2,1,1,123,116,0,0,False,False,False,False,,0,0,False,False,False,False,False,False,False,False,False,False,False,False,30.164,23.903,6,128,Body/Wide,False,False,3,1
2023-wimbledon-1301,Carlos Alcaraz,Nicolas Jarry,11395,4,3,240,2,1,0,2,40,40,2,1,2,123,117,0,0,False,False,False,False,,0,0,False,False,False,False,False,False,False,False,False,False,False,False,11.716,8.067,1,114,Wide,False,True,3,1
2023-wimbledon-1301,Carlos Alcaraz,Nicolas Jarry,11427,4,3,241,2,1,0,2,40,AD,2,1,2,123,118,2,0,False,False,False,False,,0,0,False,False,False,False,False,False,False,False,False,False,False,False,11.645,8.043,1,119,Center,False,True,3,1
2023-wimbledon-1301,Carlos Alcaraz,Nicolas Jarry,11554,4,4,242,2,1,0,3,0,0,1,1,1,124,118,0,0,False,False,False,False,,0,0,False,False,False,False,False,False,False,False,False,False,False,False,5.839,7.128,1,129,Body/Center,True,False,3,1
2023-wimbledon-1301,Carlos Alcaraz,Nicolas Jarry,11571,4,4,243,2,1,0,3,15,0,1,1,2,124,119,0,0,False,False,False,False,,0,0,True,False,False,False,False,False,False,False,False,False,False,False,5.707,6.699,2,117,Body/Center,False,False,3,1
2023-wimbledon-1301,Carlos Alcaraz,Nicolas Jarry,11592,4,4,244,2,1,0,3,15,15,1,2,2,124,120,0,0,False,False,False,False,,1,0,True,False,False,False,False,False,False,False,False,False,False,False,1.518,3.162,0,,Center,True,,3,1
2023-wimbledon-1301,Carlos Alcaraz,Nicolas Jarry,11627,4,4,245,2,1,0,3,15,30,1,1,2,124,121,0,0,False,False,False,False,,0,0,False,False,False,False,False,False,False,False,False,False,False,False,10.416,9.26,2,112,Center,False,True,3,1
2023-wimbledon-1301,Carlos Alcaraz,Nicolas Jarry,11647,4,4,246,2,1,0,3,15,40,1,2,1,125,121,0,0,False,False,False,False,,0,0,False,False,False,False,False,False,False,True,False,False,False,True,6.55,8.454,1,126,Body/Center,False,False,3,1
2023-wimbledon-1301,Carlos Alcaraz,Nicolas Jarry,11684,4,4,247,2,1,0,3,30,40,1,1,1,126,121,0,0,False,False,False,False,,0,0,False,False,True,False,True,False,False,True,False,False,False,True,18.155,25.921,3,110,Wide,True,,3,1
2023-wimbledon-1301,Carlos Alcaraz,Nicolas Jarry,11712,4,4,248,2,1,0,3,40,40,1,2,1,127,121,0,0,False,False,True,False,Forehand,0,0,False,False,True,False,True,False,False,False,False,False,False,False,9.226,9.783,3,111,Wide,False,,3,1
2023-wimbledon-1301,Carlos Alcaraz,Nicolas Jarry,11753,4,4,249,2,1,0,3,AD,40,1,2,1,128,121,1,0,False,False,False,False,,0,0,False,True,False,False,False,False,False,False,False,False,False,False,23.988,22.561,7,90,Body,False,False,3,1
2023-wimbledon-1301,Carlos Alcaraz,Nicolas Jarry,11818,4,5,250,2,1,1,3,0,0,2,1,2,128,122,0,0,False,False,False,False,,0,0,False,False,False,False,False,False,False,False,False,False,False,False,14.05,8.179,1,113,Wide,True,False,3,1
2023-wimbledon-1301,Carlos Alcaraz,Nicolas Jarry,11842,4,5,251,2,1,1,3,0,15,2,1,1,129,122,0,0,False,False,False,False,,0,0,False,True,False,False,False,False,False,False,False,False,False,False,11.046,4.252,2,129,Body,False,False,3,1
2023-wimbledon-1301,Carlos Alcaraz,Nicolas Jarry,11875,4,5,252,2,1,1,3,15,15,2,2,2,129,123,0,0,False,False,False,True,Forehand,0,0,False,False,False,True,False,True,False,False,False,False,False,False,13.185,8.237,3,99,Body,False,False,3,1
2023-wimbledon-1301,Carlos Alcaraz,Nicolas Jarry,11924,4,5,253,2,1,1,3,15,30,2,1,2,129,124,0,0,False,False,False,True,Backhand,0,0,False,False,False,False,False,False,False,False,False,False,False,False,16.359,7.683,3,123,Center,False,False,3,1
2023-wimbledon-1301,Carlos Alcaraz,Nicolas Jarry,11953,4,5,254,2,1,1,3,15,40,2,1,1,130,124,0,0,False,False,False,False,,0,0,False,True,False,False,False,False,False,False,False,False,False,False,12.312,4.519,2,128,Center,False,False,3,1
2023-wimbledon-1301,Carlos Alcaraz,Nicolas Jarry,11986,4,5,255,2,1,1,3,30,40,2,1,1,131,124,0,0,False,False,False,False,,0,0,False,True,False,False,False,False,False,False,False,False,False,False,20.628,14.913,4,131,Body,False,False,3,1
2023-wimbledon-1301,Carlos Alcaraz,Nicolas Jarry,12021,4,5,256,2,1,1,3,40,40,2,1,2,131,125,0,0,False,False,False,False,,0,0,True,False,False,False,False,False,False,False,False,False,False,False,13.0,11.521,3,131,Center,False,False,3,1
2023-wimbledon-1301,Carlos Alcaraz,Nicolas Jarry,12054,4,5,257,2,1,1,3,40,AD,2,1,2,131,126,2,0,False,True,False,True,,0,0,False,False,False,False,False,False,False,False,False,False,False,False,1.865,1.001,1,116,Center,True,,3,1
2023-wimbledon-1301,Carlos Alcaraz,Nicolas Jarry,12178,4,6,258,2,1,1,4,0,0,1,2,2,131,127,0,0,False,False,False,False,,1,0,True,False,False,False,False,False,False,False,False,False,False,False,7.196,14.763,0,,Center,False,False,3,1
2023-wimbledon-1301,Carlos Alcaraz,Nicolas Jarry,12235,4,6,259,2,1,1,4,0,15,1,2,1,132,127,0,0,False,False,False,False,,0,0,False,True,False,False,False,False,False,False,False,False,False,False,18.567,17.63,5,92,Body/Wide,True,True,3,1
2023-wimbledon-1301,Carlos Alcaraz,Nicolas Jarry,12303,4,6,260,2,1,1,4,15,15,1,1,1,133,127,0,0,False,False,False,False,,0,0,False,False,False,False,False,False,False,False,False,False,False,False,2.312,3.127,1,113,Body/Wide,False,True,3,1
2023-wimbledon-1301,Carlos Alcaraz,Nicolas Jarry,12328,4,6,261,2,1,1,4,30,15,1,1,1,134,127,0,0,False,False,False,False,,0,0,False,False,True,False,True,False,False,False,False,False,False,False,20.729,34.339,5,113,Body/Wide,True,,3,1
2023-wimbledon-1301,Carlos Alcaraz,Nicolas Jarry,12364,4,6,262,2,1,1,4,40,15,1,1,1,135,127,1,0,True,False,True,False,,0,0,False,False,False,False,False,False,False,False,False,False,False,False,0.0,0.0,1,131,NA,False,,3,1
2023-wimbledon-1301,Carlos Alcaraz,Nicolas Jarry,12422,4,7,263,2,1,2,4,0,0,2,1,1,136,127,0,0,False,False,False,False,,0,0,False,False,False,False,False,False,False,False,False,False,False,False,66.051,71.082,16,126,Body/Center,False,True,3,1
2023-wimbledon-1301,Carlos Alcaraz,Nicolas Jarry,12488,4,7,264,2,1,2,4,15,0,2,2,1,137,127,0,0,False,False,False,False,,0,1,False,True,False,False,False,False,False,False,False,False,False,False,5.41,4.731,0,,Body/Wide,True,True,3,1
2023-wimbledon-1301,Carlos Alcaraz,Nicolas Jarry,12536,4,7,265,2,1,2,4,30,0,2,1,2,137,128,0,0,False,False,False,False,,0,0,False,False,False,False,False,False,False,False,False,False,False,False,6.454,4.538,1,129,Body/Center,True,True,3,1
2023-wimbledon-1301,Carlos Alcaraz,Nicolas Jarry,12561,4,7,266,2,1,2,4,30,15,2,1,1,138,128,0,0,False,False,False,False,,0,0,False,False,False,True,False,False,False,False,False,False,False,False,5.555,5.758,2,129,Wide,True,False,3,1
2023-wimbledon-1301,Carlos Alcaraz,Nicolas Jarry,12594,4,7,267,2,1,2,4,40,15,2,1,2,138,129,0,0,False,False,False,True,Forehand,0,0,False,False,False,False,False,False,True,False,False,False,True,False,12.044,7.425,3,129,Body/Center,True,False,3,1
2023-wimbledon-1301,Carlos Alcaraz,Nicolas Jarry,12631,4,7,268,2,1,2,4,40,30,2,1,1,139,129,1,0,False,False,False,False,,0,0,False,True,False,True,False,False,True,False,True,False,False,False,11.127,11.612,2,129,Wide,True,False,3,1
2023-wimbledon-1301,Carlos Alcaraz,Nicolas Jarry,12747,4,8,269,2,1,3,4,0,0,1,1,1,140,129,0,0,False,False,False,False,,0,0,False,False,False,False,False,False,False,False,False,False,False,False,29.269,23.931,7,123,Center,True,True,3,1
2023-wimbledon-1301,Carlos Alcaraz,Nicolas Jarry,12781,4,8,270,2,1,3,4,15,0,1,2,1,141,129,0,0,False,False,True,False,Forehand,0,0,False,False,False,False,False,False,False,False,False,False,False,False,5.17,12.344,3,90,Wide,True,False,3,1
2023-wimbledon-1301,Carlos Alcaraz,Nicolas Jarry,12825,4,8,271,2,1,3,4,30,0,1,2,2,141,130,0,0,False,False,False,False,,1,0,True,False,False,False,False,False,False,False,False,False,False,False,4.901,6.558,0,,Body/Center,True,,3,1
2023-wimbledon-1301,Carlos Alcaraz,Nicolas Jarry,12864,4,8,272,2,1,3,4,30,15,1,1,1,142,130,0,0,False,False,False,False,,0,0,False,False,False,False,False,False,False,False,False,False,False,False,2.559,2.69,1,113,Body/Center,False,False,3,1
2023-wimbledon-1301,Carlos Alcaraz,Nicolas Jarry,12893,4,8,273,2,1,3,4,40,15,1,1,1,143,130,1,0,False,False,False,False,,0,0,False,False,False,False,False,False,False,False,False,False,False,False,4.559,5.6,1,115,Body/Wide,False,False,3,1
2023-wimbledon-1301,Carlos Alcaraz,Nicolas Jarry,12932,4,9,274,2,1,4,4,0,0,2,1,2,143,131,0,0,False,False,False,False,,0,0,False,False,False,False,False,False,False,False,False,False,False,False,6.958,3.314,1,108,Wide,True,True,3,1
2023-wimbledon-1301,Carlos Alcaraz,Nicolas Jarry,12954,4,9,275,2,1,4,4,0,15,2,1,1,144,131,0,0,False,False,False,False,,0,0,False,True,False,False,False,False,False,False,False,False,False,False,21.572,16.683,4,121,Center,False,True,3,1
2023-wimbledon-1301,Carlos Alcaraz,Nicolas Jarry,12986,4,9,276,2,1,4,4,15,15,2,1,2,144,132,0,0,False,True,False,True,,0,0,False,False,False,False,False,False,False,False,False,False,False,False,1.796,1.106,1,110,Wide,True,,3,1
2023-wimbledon-1301,Carlos Alcaraz,Nicolas Jarry,13012,4,9,277,2,1,4,4,15,30,2,1,2,144,133,0,0,False,False,False,True,Forehand,0,0,False,False,False,True,False,True,False,False,False,False,False,False,14.401,6.747,3,110,Center,False,False,3,1
2023-wimbledon-1301,Carlos Alcaraz,Nicolas Jarry,13041,4,9,278,2,1,4,4,15,40,2,2,2,144,134,2,0,False,False,False,False,,0,0,True,False,True,False,False,False,False,False,False,False,False,False,28.05,22.624,7,105,Body/Center,False,True,3,1
2023-wimbledon-1301,Carlos Alcaraz,Nicolas Jarry,13172,4,10,279,2,1,4,5,0,0,1,2,1,145,134,0,0,False,False,True,False,Backhand,0,0,False,False,False,False,False,False,False,False,False,False,False,False,8.178,10.283,3,101,Body/Center,False,False,3,1
2023-wimbledon-1301,Carlos Alcaraz,Nicolas Jarry,13214,4,10,280,2,1,4,5,15,0,1,2,1,146,134,0,0,False,False,False,False,,0,0,False,True,False,False,False,False,False,False,False,False,False,False,9.464,9.553,3,92,Body,False,False,3,1
2023-wimbledon-1301,Carlos Alcaraz,Nicolas Jarry,13260,4,10,281,2,1,4,5,30,0,1,1,2,146,135,0,0,False,False,False,False,,0,0,True,False,False,False,False,False,False,False,False,False,False,False,15.671,18.724,4,124,Body/Center,False,False,3,1
2023-wimbledon-1301,Carlos Alcaraz,Nicolas Jarry,13292,4,10,282,2,1,4,5,30,15,1,1,1,147,135,0,0,False,False,True,False,Forehand,0,0,False,False,True,False,True,False,False,False,False,False,False,False,35.211,41.728,11,121,Center,False,True,3,1
2023-wimbledon-1301,Carlos Alcaraz,Nicolas Jarry,13336,4,10,283,2,1,4,5,40,15,1,1,2,147,136,0,0,False,False,False,False,,0,0,False,False,True,False,False,False,False,False,False,False,False,False,6.304,5.466,2,115,Wide,False,False,3,1
2023-wimbledon-1301,Carlos Alcaraz,Nicolas Jarry,13368,4,10,284,2,1,4,5,40,30,1,2,2,147,137,0,0,False,False,False,False,,0,0,False,False,False,False,False,False,False,False,False,False,False,False,18.374,24.586,6,95,Body/Wide,False,False,3,1
2023-wimbledon-1301,Carlos Alcaraz,Nicolas Jarry,13429,4,10,285,2,1,4,5,40,40,1,1,1,148,137,0,0,False,False,True,False,Forehand,0,0,False,False,False,False,False,False,False,False,False,False,False,False,9.086,13.871,3,129,Center,True,True,3,1
2023-wimbledon-1301,Carlos Alcaraz,Nicolas Jarry,13463,4,10,286,2,1,4,5,AD,40,1,1,1,149,137,1,0,False,False,False,False,,0,0,False,False,False,False,False,False,False,False,False,False,False,False,3.861,4.678,1,113,Center,False,False,3,1
2023-wimbledon-1301,Carlos Alcaraz,Nicolas Jarry,13510,4,11,287,2,1,5,5,0,0,2,1,2,149,138,0,0,False,False,False,False,,0,0,False,False,False,False,False,False,False,False,False,False,False,False,14.701,6.51,1,125,Body/Center,True,False,3,1
2023-wimbledon-1301,Carlos Alcaraz,Nicolas Jarry,13548,4,11,288,2,1,5,5,0,15,2,2,1,150,138,0,0,False,False,False,False,,0,0,False,False,True,False,True,False,False,False,False,False,False,False,10.826,11.492,2,92,Body/Wide,False,True,3,1
2023-wimbledon-1301,Carlos Alcaraz,Nicolas Jarry,13588,4,11,289,2,1,5,5,15,15,2,1,2,150,139,0,0,False,False,False,True,Forehand,0,0,False,False,False,True,False,True,False,False,False,False,False,False,26.067,25.256,9,130,Body/Center,False,False,3,1
2023-wimbledon-1301,Carlos Alcaraz,Nicolas Jarry,13635,4,11,290,2,1,5,5,15,30,2,1,1,151,139,0,0,False,False,False,False,,0,0,False,False,False,False,False,False,False,False,False,False,False,False,17.319,11.144,4,113,Center,False,True,3,1
2023-wimbledon-1301,Carlos Alcaraz,Nicolas Jarry,13671,4,11,291,2,1,5,5,30,30,2,2,1,152,139,0,0,False,False,False,False,,0,0,False,True,False,True,False,False,False,False,False,False,False,False,31.781,21.505,6,113,Body/Wide,False,True,3,1
2023-wimbledon-1301,Carlos Alcaraz,Nicolas Jarry,13738,4,11,292,2,1,5,5,40,30,2,2,1,153,139,1,0,False,False,True,False,Backhand,0,0,False,False,False,False,False,False,True,False,True,False,False,False,6.414,5.129,2,108,Body/Wide,False,True,3,1
2023-wimbledon-1301,Carlos Alcaraz,Nicolas Jarry,13855,4,12,293,2,1,6,5,0,0,1,2,2,153,140,0,0,False,False,False,False,,0,0,True,False,False,False,False,False,False,False,False,False,False,False,36.084,26.436,8,112,Body,False,True,3,1
2023-wimbledon-1301,Carlos Alcaraz,Nicolas Jarry,13912,4,12,294,2,1,6,5,0,15,1,1,1,154,140,0,0,False,False,False,False,,0,0,False,False,True,False,True,False,False,False,False,False,False,False,16.595,20.15,5,120,Center,False,,3,1
2023-wimbledon-1301,Carlos Alcaraz,Nicolas Jarry,13950,4,12,295,2,1,6,5,15,15,1,2,1,155,140,0,0,False,False,True,False,Forehand,0,0,False,False,False,True,False,False,False,False,False,False,False,False,27.722,36.86,3,104,Body,True,False,3,1
2023-wimbledon-1301,Carlos Alcaraz,Nicolas Jarry,14005,4,12,296,2,1,6,5,30,15,1,1,2,155,141,0,0,False,False,False,False,,0,0,False,False,True,False,False,False,False,False,False,False,False,False,10.044,9.281,2,130,Body/Wide,False,False,3,1
2023-wimbledon-1301,Carlos Alcaraz,Nicolas Jarry,14041,4,12,297,2,1,6,5,30,30,1,1,2,155,142,0,0,False,False,False,True,Backhand,0,0,False,False,False,False,False,False,False,False,False,False,False,False,52.318,58.723,14,113,Body/Wide,False,False,3,1
2023-wimbledon-1301,Carlos Alcaraz,Nicolas Jarry,14102,4,12,298,2,1,6,5,30,40,1,1,1,156,142,0,0,False,False,False,False,,0,0,False,False,False,False,False,False,False,True,False,False,False,True,2.056,1.509,1,129,Body,False,False,3,1
2023-wimbledon-1301,Carlos Alcaraz,Nicolas Jarry,14134,4,12,299,2,1,6,5,40,40,1,1,1,157,142,0,0,False,False,False,False,,0,0,False,False,False,False,False,False,False,False,False,False,False,False,12.292,32.582,1,128,Center,False,False,3,1
2023-wimbledon-1301,Carlos Alcaraz,Nicolas Jarry,14171,4,12,300,2,1,6,5,AD,40,1,1,1,158,142,1,1,False,False,False,False,,0,0,False,False,False,False,False,False,False,False,False,False,False,False,3.767,6.518,1,116,Body/Wide,False,False,3,1
