match_id,ElapsedTime,SetNo,P1GamesWon,P2GamesWon,SetWinner,GameNo,GameWinner,PointNumber,PointWinner,PointServer,Speed_KMH,Rally,P1Score,P2Score,P1Momentum,P2Momentum,P1PointsWon,P2PointsWon,P1Ace,P2Ace,P1Winner,P2Winner,P1DoubleFault,P2DoubleFault,P1UnfErr,P2UnfErr,P1NetPoint,P2NetPoint,P1NetPointWon,P2NetPointWon,P1BreakPoint,P2BreakPoint,P1BreakPointWon,P2BreakPointWon,P1FirstSrvIn,P2FirstSrvIn,P1FirstSrvWon,P2FirstSrvWon,P1SecondSrvIn,P2SecondSrvIn,P1SecondSrvWon,P2SecondSrvWon,P1ForcedError,P2ForcedError,History,Speed_MPH,P1BreakPointMissed,P2BreakPointMissed,ServeIndicator,Serve_Direction,Winner_FH,Winner_BH,ServingTo,P1TurningPoint,P2TurningPoint,ServeNumber,WinnerType,WinnerShotType,P1DistanceRun,P2DistanceRun,RallyCount,ServeWidth,ServeDepth,ReturnDepth
2023-wimbledon-1156,0:00:00,1,0,0,0,1,0,0X,0,0,0,nan,0,0,0,0,0,0,0,0,0,0,0,0,0,0,0,0,0,0,0,0,0,0,nan,nan,nan,nan,nan,nan,nan,nan,nan,nan,nan,0,0,0,0,nan,nan,nan,nan,nan,nan,0,0,0,0.0,0.0,0,nan,nan,nan
2023-wimbledon-1156,0:00:00,1,0,0,0,1,0,0Y,0,0,0,nan,0,0,0,0,0,0,0,0,0,0,0,0,0,0,0,0,0,0,0,0,0,0,nan,nan,nan,nan,nan,nan,nan,nan,nan,nan,nan,0,0,0,0,nan,nan,nan,nan,nan,nan,0,0,0,0.0,0.0,0,nan,nan,nan
2023-wimbledon-1156,0:00:00,1,0,0,0,1,0,1,2,2,183,nan,0,15,1,2,0,1,0,0,0,0,0,0,0,0,0,0,0,0,0,0,0,0,nan,nan,nan,nan,nan,nan,nan,nan,nan,nan,11030.0,114,0,0,2,nan,nan,nan,nan,nan,nan,1,0,0,9.283,8.583,1,W,CTL,ND
2023-wimbledon-1156,0:00:26,1,0,0,0,1,0,2,2,2,189,nan,0,30,1,4,0,2,0,0,0,0,0,0,0,0,0,0,0,0,0,0,0,0,nan,nan,nan,nan,nan,nan,nan,nan,nan,nan,12030.0,118,0,0,2,nan,nan,nan,nan,nan,nan,1,0,0,5.67,6.1739999999999995,1,BW,CTL,ND
2023-wimbledon-1156,0:00:51,1,0,0,0,1,0,3,2,2,170,nan,0,40,1,5,0,3,0,0,0,0,0,0,1,0,0,0,0,0,0,0,0,0,nan,nan,nan,nan,nan,nan,nan,nan,nan,nan,11020.0,106,0,0,2,nan,nan,nan,nan,nan,nan,2,0,0,73.382,81.666,21,BC,NCTL,D
2023-wimbledon-1156,0:02:09,1,0,1,0,1,2,4,2,2,201,nan,0,0,1,11,0,4,0,1,0,1,0,0,0,0,0,0,0,0,0,0,0,0,nan,nan,nan,nan,nan,nan,nan,nan,nan,nan,23002.0,125,0,0,1,nan,nan,nan,nan,nan,nan,1,0,0,0.738,0.737,1,C,NCTL,nan
2023-wimbledon-1156,0:03:18,1,0,1,0,2,0,5,1,1,172,nan,15,0,5,11,1,4,1,0,1,0,0,0,0,0,0,0,0,0,0,0,0,0,nan,nan,nan,nan,nan,nan,nan,nan,nan,nan,13000.0,107,0,0,1,nan,nan,nan,nan,nan,nan,1,0,0,0.909,1.263,1,W,CTL,nan
2023-wimbledon-1156,0:03:41,1,0,1,0,2,0,6,1,1,191,nan,30,0,6,9,2,4,0,0,0,0,0,0,0,1,0,0,0,0,0,0,0,0,nan,nan,nan,nan,nan,nan,nan,nan,nan,nan,21020.0,119,0,0,1,nan,nan,nan,nan,nan,nan,1,0,0,19.298,18.496,5,BC,NCTL,D
2023-wimbledon-1156,0:04:11,1,0,1,0,2,0,7,1,1,199,nan,40,0,7,7,3,4,0,0,0,0,0,0,0,1,0,0,0,0,0,0,0,0,nan,nan,nan,nan,nan,nan,nan,nan,nan,nan,22020.0,124,0,0,1,nan,nan,nan,nan,nan,nan,1,0,0,9.985,18.574,3,C,NCTL,ND
2023-wimbledon-1156,0:04:35,1,1,1,0,2,1,8,1,1,146,nan,0,0,10,5,4,4,0,0,0,0,0,0,0,1,0,0,0,0,0,0,0,0,nan,nan,nan,nan,nan,nan,nan,nan,nan,nan,22022.0,91,0,0,2,nan,nan,nan,nan,nan,nan,2,0,0,35.713,24.303,7,BW,NCTL,D
2023-wimbledon-1156,0:05:43,1,1,1,0,3,0,9,2,2,188,nan,0,15,10,8,4,5,0,0,0,1,0,0,0,0,0,0,0,0,0,0,0,0,nan,nan,nan,nan,nan,nan,nan,nan,nan,nan,21010.0,117,0,0,2,nan,nan,nan,nan,nan,nan,1,0,F,9.887,8.966000000000001,3,B,NCTL,ND
2023-wimbledon-1156,0:06:10,1,1,1,0,3,0,10,2,2,206,nan,0,30,10,11,4,6,0,0,0,1,0,0,0,0,0,0,0,0,0,0,0,0,nan,nan,nan,nan,nan,nan,nan,nan,nan,nan,24000.0,128,0,0,2,nan,nan,nan,nan,nan,nan,1,S,0,0.792,0.745,1,C,CTL,nan
2023-wimbledon-1156,0:06:34,1,1,1,0,3,0,11,2,2,188,nan,0,40,10,15,4,7,0,1,0,1,0,0,0,0,0,0,0,0,0,0,0,0,nan,nan,nan,nan,nan,nan,nan,nan,nan,nan,23000.0,117,0,0,2,nan,nan,nan,nan,nan,nan,1,0,0,1.32,1.022,1,W,CTL,nan
2023-wimbledon-1156,0:06:54,1,1,2,0,3,2,12,2,2,165,nan,0,0,10,20,4,8,0,0,0,1,0,0,0,0,0,1,0,1,0,0,0,0,nan,nan,nan,nan,nan,nan,nan,nan,nan,nan,21512.0,103,0,0,1,nan,nan,nan,nan,nan,nan,2,0,F,43.938,38.719,11,BW,NCTL,ND
2023-wimbledon-1156,0:09:05,1,1,2,0,4,0,13,1,1,185,nan,15,0,11,18,5,8,0,0,0,0,0,0,0,1,0,0,0,0,0,0,0,0,nan,nan,nan,nan,nan,nan,nan,nan,nan,nan,21020.0,115,0,0,1,nan,nan,nan,nan,nan,nan,1,0,0,9.966000000000001,11.609000000000002,3,BW,NCTL,ND
2023-wimbledon-1156,0:09:29,1,1,2,0,4,0,14,1,1,181,nan,30,0,13,17,6,8,0,0,0,0,0,0,0,0,0,0,0,0,0,0,0,0,nan,nan,nan,nan,nan,nan,nan,nan,nan,nan,22030.0,113,0,0,1,nan,nan,nan,nan,nan,nan,1,0,0,2.6439999999999997,4.055,1,W,NCTL,ND
2023-wimbledon-1156,0:09:53,1,1,2,0,4,0,15,2,1,0,nan,30,15,9,18,6,9,0,0,0,0,1,0,1,0,0,0,0,0,0,0,0,0,nan,nan,nan,nan,nan,nan,nan,nan,nan,nan,15000.0,0,0,0,1,nan,nan,nan,nan,nan,nan,0,0,0,2.176,2.392,0,BC,CTL,nan
2023-wimbledon-1156,0:10:40,1,1,2,0,4,0,16,1,1,175,nan,40,15,11,17,7,9,0,0,0,0,0,0,0,0,0,0,0,0,0,0,0,0,nan,nan,nan,nan,nan,nan,nan,nan,nan,nan,21030.0,109,0,0,1,nan,nan,nan,nan,nan,nan,1,0,0,5.688,5.185,1,BC,NCTL,D
2023-wimbledon-1156,0:11:04,1,1,2,0,4,0,17,2,1,209,nan,40,30,9,18,7,10,0,0,0,0,0,0,1,0,0,0,0,0,0,0,0,0,nan,nan,nan,nan,nan,nan,nan,nan,nan,nan,11020.0,130,0,0,1,nan,nan,nan,nan,nan,nan,1,0,0,7.555,9.255,2,C,NCTL,ND
2023-wimbledon-1156,0:11:35,1,1,2,0,4,0,18,2,1,196,nan,40,40,8,20,7,11,0,0,0,0,0,0,0,0,0,0,0,0,0,0,0,0,nan,nan,nan,nan,nan,nan,nan,nan,nan,nan,12030.0,122,0,0,1,nan,nan,nan,nan,nan,nan,1,0,0,3.847,4.453,2,BC,CTL,D
2023-wimbledon-1156,0:12:01,1,1,2,0,4,0,19,1,1,188,nan,AD,40,10,19,8,11,0,0,0,0,0,0,0,0,0,0,0,0,0,0,0,0,nan,nan,nan,nan,nan,nan,nan,nan,nan,nan,21030.0,117,0,0,1,nan,nan,nan,nan,nan,nan,1,0,0,7.01,8.007,1,W,CTL,D
2023-wimbledon-1156,0:12:24,1,1,2,0,4,0,20,2,1,181,nan,40,40,10,22,8,12,0,0,0,1,0,0,0,0,0,0,0,0,0,0,0,0,nan,nan,nan,nan,nan,nan,nan,nan,nan,nan,21010.0,113,0,0,1,nan,nan,nan,nan,nan,nan,1,0,F,18.719,18.003,6,B,NCTL,D
2023-wimbledon-1156,0:12:56,1,1,2,0,4,0,21,1,1,185,nan,AD,40,13,22,9,12,0,0,1,0,0,0,0,0,1,0,1,0,0,0,0,0,nan,nan,nan,nan,nan,nan,nan,nan,nan,nan,11410.0,115,0,0,1,nan,nan,nan,nan,nan,nan,1,0,F,19.223,26.499000000000002,5,W,NCTL,ND
2023-wimbledon-1156,0:13:29,1,2,2,0,4,1,22,1,1,197,nan,0,0,16,20,10,12,0,0,0,0,0,0,0,1,0,0,0,0,0,0,0,0,nan,nan,nan,nan,nan,nan,nan,nan,nan,nan,21022.0,123,0,0,2,nan,nan,nan,nan,nan,nan,1,0,0,12.383,16.493,3,B,CTL,D
2023-wimbledon-1156,0:14:14,1,2,2,0,5,0,23,1,2,172,nan,15,0,17,18,11,12,0,0,0,0,0,0,0,1,0,0,0,0,0,0,0,0,nan,nan,nan,nan,nan,nan,nan,nan,nan,nan,22020.0,107,0,0,2,nan,nan,nan,nan,nan,nan,2,0,0,23.215999999999998,21.997,4,C,NCTL,ND
2023-wimbledon-1156,0:15:05,1,2,2,0,5,0,24,2,2,201,nan,15,15,17,22,11,13,0,1,0,1,0,0,0,0,0,0,0,0,0,0,0,0,nan,nan,nan,nan,nan,nan,nan,nan,nan,nan,23000.0,125,0,0,2,nan,nan,nan,nan,nan,nan,1,0,0,0.8590000000000001,0.878,1,C,NCTL,nan
2023-wimbledon-1156,0:15:50,1,2,2,0,5,0,25,2,2,191,nan,15,30,17,26,11,14,0,1,0,1,0,0,0,0,0,0,0,0,0,0,0,0,nan,nan,nan,nan,nan,nan,nan,nan,nan,nan,23000.0,119,0,0,2,nan,nan,nan,nan,nan,nan,1,0,0,1.504,0.958,1,W,CTL,nan
2023-wimbledon-1156,0:16:34,1,2,2,0,5,0,26,2,2,206,nan,15,40,16,28,11,15,0,0,0,0,0,0,0,0,0,0,0,0,0,0,0,0,nan,nan,nan,nan,nan,nan,nan,nan,nan,nan,12030.0,128,0,0,2,nan,nan,nan,nan,nan,nan,1,0,0,5.122999999999999,4.862,1,W,CTL,ND
2023-wimbledon-1156,0:17:19,1,2,2,0,5,0,27,1,2,0,nan,30,40,17,24,12,15,0,0,0,0,0,1,0,1,0,0,0,0,0,0,0,0,nan,nan,nan,nan,nan,nan,nan,nan,nan,nan,25000.0,0,0,0,2,nan,nan,nan,nan,nan,nan,0,0,0,1.161,1.286,0,B,CTL,nan
2023-wimbledon-1156,0:17:59,1,2,3,0,5,2,28,2,2,197,nan,0,0,15,27,12,16,0,0,0,0,0,0,1,0,0,0,0,0,0,0,0,0,nan,nan,nan,nan,nan,nan,nan,nan,nan,nan,11022.0,123,0,0,1,nan,nan,nan,nan,nan,nan,1,0,0,12.812999999999999,13.437000000000001,3,BW,NCTL,D
2023-wimbledon-1156,0:20:15,1,2,3,0,6,0,29,2,1,0,nan,0,15,11,28,12,17,0,0,0,0,1,0,1,0,0,0,0,0,0,0,0,0,nan,nan,nan,nan,nan,nan,nan,nan,nan,nan,15000.0,0,0,0,1,nan,nan,nan,nan,nan,nan,0,0,0,3.1460000000000004,2.742,0,C,CTL,nan
2023-wimbledon-1156,0:20:59,1,2,3,0,6,0,30,1,1,180,nan,15,15,15,28,13,17,1,0,1,0,0,0,0,0,0,0,0,0,0,0,0,0,nan,nan,nan,nan,nan,nan,nan,nan,nan,nan,13000.0,112,0,0,1,nan,nan,nan,nan,nan,nan,1,0,0,0.617,0.47200000000000003,1,C,NCTL,nan
2023-wimbledon-1156,0:21:22,1,2,3,0,6,0,31,2,1,165,nan,15,30,14,30,13,18,0,0,0,0,0,0,0,0,0,0,0,0,0,0,0,0,nan,nan,nan,nan,nan,nan,nan,nan,nan,nan,12030.0,103,0,0,1,nan,nan,nan,nan,nan,nan,2,0,0,54.714,54.802,14,BW,NCTL,D
2023-wimbledon-1156,0:22:25,1,2,3,0,6,0,32,1,1,156,nan,30,30,16,29,14,18,0,0,0,0,0,0,0,0,0,0,0,0,0,0,0,0,nan,nan,nan,nan,nan,nan,nan,nan,nan,nan,22030.0,97,0,0,1,nan,nan,nan,nan,nan,nan,2,0,0,14.582,22.71,5,B,NCTL,D
2023-wimbledon-1156,0:23:11,1,2,3,0,6,0,33,1,1,199,nan,40,30,18,28,15,18,0,0,0,0,0,0,0,0,0,0,0,0,0,0,0,0,nan,nan,nan,nan,nan,nan,nan,nan,nan,nan,22030.0,124,0,0,1,nan,nan,nan,nan,nan,nan,1,0,0,6.752000000000001,6.234,1,C,NCTL,ND
2023-wimbledon-1156,0:23:35,1,2,3,0,6,0,34,2,1,191,nan,40,40,18,31,15,19,0,0,0,1,0,0,0,0,0,1,0,1,0,0,0,0,nan,nan,nan,nan,nan,nan,nan,nan,nan,nan,22410.0,119,0,0,1,nan,nan,nan,nan,nan,nan,1,0,B,28.826,27.619,8,C,NCTL,D
2023-wimbledon-1156,0:24:13,1,2,3,0,6,0,35,1,1,185,nan,AD,40,21,31,16,19,0,0,1,0,0,0,0,0,0,0,0,0,0,0,0,0,nan,nan,nan,nan,nan,nan,nan,nan,nan,nan,14000.0,115,0,0,1,nan,nan,nan,nan,nan,nan,1,S,0,1.1440000000000001,2.469,1,W,CTL,nan
2023-wimbledon-1156,0:24:38,1,2,3,0,6,0,36,2,1,151,nan,40,40,21,34,16,20,0,0,0,1,0,0,0,0,0,0,0,0,0,0,0,0,nan,nan,nan,nan,nan,nan,nan,nan,nan,nan,21010.0,94,0,0,1,nan,nan,nan,nan,nan,nan,2,0,F,3.825,3.957,2,BC,NCTL,D
2023-wimbledon-1156,0:25:20,1,2,3,0,6,0,37,1,1,180,nan,AD,40,23,33,17,20,0,0,0,0,0,0,0,0,0,0,0,0,0,0,0,0,nan,nan,nan,nan,nan,nan,nan,nan,nan,nan,21030.0,112,0,0,1,nan,nan,nan,nan,nan,nan,1,0,0,4.927,7.807,1,BW,NCTL,ND
2023-wimbledon-1156,0:25:45,1,2,3,0,6,0,38,2,1,164,nan,40,40,23,36,17,21,0,0,0,1,0,0,0,0,0,0,0,0,0,0,0,0,nan,nan,nan,nan,nan,nan,nan,nan,nan,nan,21010.0,102,0,0,1,nan,nan,nan,nan,nan,nan,2,0,F,17.275,21.828000000000003,6,W,CTL,D
2023-wimbledon-1156,0:26:34,1,2,3,0,6,0,39,1,1,197,nan,AD,40,26,36,18,21,0,0,1,0,0,0,0,0,0,0,0,0,0,0,0,0,nan,nan,nan,nan,nan,nan,nan,nan,nan,nan,14000.0,123,0,0,1,nan,nan,nan,nan,nan,nan,1,S,0,0.8759999999999999,0.794,1,C,NCTL,nan
2023-wimbledon-1156,0:26:58,1,3,3,0,6,1,40,1,1,199,nan,0,0,32,36,19,21,1,0,1,0,0,0,0,0,0,0,0,0,0,0,0,0,nan,nan,nan,nan,nan,nan,nan,nan,nan,nan,13002.0,124,0,0,2,nan,nan,nan,nan,nan,nan,1,0,0,0.73,0.7490000000000001,1,C,NCTL,nan
2023-wimbledon-1156,0:27:40,1,3,3,0,7,0,41,1,2,199,nan,15,0,33,34,20,21,0,0,0,0,0,0,0,1,0,0,0,0,0,0,0,0,nan,nan,nan,nan,nan,nan,nan,nan,nan,nan,21020.0,124,0,0,2,nan,nan,nan,nan,nan,nan,1,0,0,10.2,8.524,2,BC,NCTL,D
2023-wimbledon-1156,0:28:11,1,3,3,0,7,0,42,2,2,193,nan,15,15,33,37,20,22,0,0,0,1,0,0,0,0,0,0,0,0,0,0,0,0,nan,nan,nan,nan,nan,nan,nan,nan,nan,nan,24000.0,120,0,0,2,nan,nan,nan,nan,nan,nan,1,S,0,5.61,3.7260000000000004,1,C,NCTL,ND
2023-wimbledon-1156,0:28:37,1,3,3,0,7,0,43,2,2,186,nan,15,30,32,39,20,23,0,0,0,0,0,0,0,0,0,0,0,0,0,0,0,0,nan,nan,nan,nan,nan,nan,nan,nan,nan,nan,11030.0,116,0,0,2,nan,nan,nan,nan,nan,nan,1,0,0,12.975,11.456,1,BW,NCTL,D
2023-wimbledon-1156,0:29:04,1,3,3,0,7,0,44,2,2,202,nan,15,40,32,43,20,24,0,1,0,1,0,0,0,0,0,0,0,0,0,0,0,0,nan,nan,nan,nan,nan,nan,nan,nan,nan,nan,23000.0,126,0,0,2,nan,nan,nan,nan,nan,nan,1,0,0,0.67,0.551,1,W,NCTL,nan
2023-wimbledon-1156,0:29:27,1,3,4,0,7,2,45,2,2,165,nan,0,0,30,46,20,25,0,0,0,0,0,0,1,0,0,0,0,0,0,0,0,0,nan,nan,nan,nan,nan,nan,nan,nan,nan,nan,11022.0,103,0,0,1,nan,nan,nan,nan,nan,nan,2,0,0,32.478,33.883,9,C,NCTL,ND
2023-wimbledon-1156,0:31:40,1,3,4,0,8,0,46,1,1,157,nan,15,0,31,44,21,25,0,0,0,0,0,0,0,1,0,0,0,0,0,0,0,0,nan,nan,nan,nan,nan,nan,nan,nan,nan,nan,22020.0,98,0,0,1,nan,nan,nan,nan,nan,nan,2,0,0,22.198,23.775,7,B,NCTL,ND
2023-wimbledon-1156,0:35:51,1,3,4,0,8,0,47,1,1,202,nan,30,0,33,43,22,25,0,0,0,0,0,0,0,0,0,0,0,0,0,0,0,0,nan,nan,nan,nan,nan,nan,nan,nan,nan,nan,22030.0,126,0,0,1,nan,nan,nan,nan,nan,nan,1,0,0,4.629,7.172000000000001,1,BW,CTL,D
2023-wimbledon-1156,0:36:12,1,3,4,0,8,0,48,2,1,202,nan,30,15,32,45,22,26,0,0,0,0,0,0,0,0,0,0,0,0,0,0,0,0,nan,nan,nan,nan,nan,nan,nan,nan,nan,nan,11030.0,126,0,0,1,nan,nan,nan,nan,nan,nan,1,0,0,7.058,10.57,2,C,NCTL,ND
2023-wimbledon-1156,0:36:39,1,3,4,0,8,0,49,1,1,194,nan,40,15,34,44,23,26,0,0,0,0,0,0,0,0,0,0,0,0,0,0,0,0,nan,nan,nan,nan,nan,nan,nan,nan,nan,nan,21030.0,121,0,0,1,nan,nan,nan,nan,nan,nan,1,0,0,5.229,6.165,1,C,CTL,ND
2023-wimbledon-1156,0:37:02,1,4,4,0,8,1,50,1,1,212,nan,0,0,40,44,24,26,1,0,1,0,0,0,0,0,0,0,0,0,0,0,0,0,nan,nan,nan,nan,nan,nan,nan,nan,nan,nan,13002.0,132,0,0,2,nan,nan,nan,nan,nan,nan,1,0,0,0.746,0.727,1,C,NCTL,nan
2023-wimbledon-1156,0:37:40,1,4,4,0,9,0,51,2,2,202,nan,0,15,39,46,24,27,0,0,0,0,0,0,0,0,0,0,0,0,0,0,0,0,nan,nan,nan,nan,nan,nan,nan,nan,nan,nan,12030.0,126,0,0,2,nan,nan,nan,nan,nan,nan,1,0,0,6.824,5.48,1,C,CTL,D
2023-wimbledon-1156,0:38:01,1,4,4,0,9,0,52,2,2,189,nan,0,30,38,48,24,28,0,0,0,0,0,0,0,0,0,0,0,0,0,0,0,0,nan,nan,nan,nan,nan,nan,nan,nan,nan,nan,12030.0,118,0,0,2,nan,nan,nan,nan,nan,nan,1,0,0,5.773,5.905,1,BW,CTL,D
2023-wimbledon-1156,0:38:23,1,4,4,0,9,0,53,2,2,193,nan,0,40,38,51,24,29,0,0,0,1,0,0,0,0,0,1,0,1,0,0,0,0,nan,nan,nan,nan,nan,nan,nan,nan,nan,nan,21010.0,120,0,0,2,nan,nan,nan,nan,nan,nan,1,0,F,11.171,10.6,3,W,NCTL,ND
2023-wimbledon-1156,0:38:51,1,4,5,0,9,2,54,2,2,193,nan,0,0,38,57,24,30,0,1,0,1,0,0,0,0,0,0,0,0,0,0,0,0,nan,nan,nan,nan,nan,nan,nan,nan,nan,nan,23002.0,120,0,0,1,nan,nan,nan,nan,nan,nan,1,0,0,0.9740000000000001,1.3530000000000002,1,C,NCTL,nan
2023-wimbledon-1156,2:16:23,1,4,5,0,10,0,55,1,1,172,nan,15,0,39,55,25,30,0,0,0,0,0,0,0,1,0,0,0,0,0,0,0,0,nan,nan,nan,nan,nan,nan,nan,nan,nan,nan,21020.0,107,0,0,1,nan,nan,nan,nan,nan,nan,1,0,0,22.826,22.747,5,W,NCTL,D
2023-wimbledon-1156,2:16:54,1,4,5,0,10,0,56,1,1,0,nan,30,0,42,55,26,30,0,0,1,0,0,0,0,0,0,1,0,0,0,0,0,0,nan,nan,nan,nan,nan,nan,nan,nan,nan,nan,12010.0,0,0,0,1,nan,nan,nan,nan,nan,nan,2,0,B,12.459000000000001,18.993,5,B,NCTL,D
2023-wimbledon-1156,2:17:38,1,4,5,0,10,0,57,1,1,202,nan,40,0,45,55,27,30,0,0,1,0,0,0,0,0,0,0,0,0,0,0,0,0,nan,nan,nan,nan,nan,nan,nan,nan,nan,nan,11010.0,126,0,0,1,nan,nan,nan,nan,nan,nan,1,0,F,10.216000000000001,12.956,3,C,NCTL,ND
2023-wimbledon-1156,2:18:04,1,5,5,0,10,1,58,1,1,189,nan,0,0,51,55,28,30,1,0,1,0,0,0,0,0,0,0,0,0,0,0,0,0,nan,nan,nan,nan,nan,nan,nan,nan,nan,nan,13002.0,118,0,0,2,nan,nan,nan,nan,nan,nan,1,0,0,0.893,1.319,1,C,NCTL,nan
2023-wimbledon-1156,2:18:38,1,5,5,0,11,0,59,2,2,206,nan,0,15,49,56,28,31,0,0,0,0,0,0,1,0,0,0,0,0,0,0,0,0,nan,nan,nan,nan,nan,nan,nan,nan,nan,nan,11020.0,128,0,0,2,nan,nan,nan,nan,nan,nan,1,0,0,50.04,42.27,13,BC,NCTL,ND
2023-wimbledon-1156,2:19:25,1,5,5,0,11,0,60,2,2,197,nan,0,30,48,58,28,32,0,0,0,0,0,0,0,0,0,0,0,0,0,0,0,0,nan,nan,nan,nan,nan,nan,nan,nan,nan,nan,12030.0,123,0,0,2,nan,nan,nan,nan,nan,nan,1,0,0,4.41,3.15,1,BW,NCTL,ND
2023-wimbledon-1156,2:19:52,1,5,5,0,11,0,61,1,2,180,nan,15,30,49,56,29,32,0,0,0,0,0,0,0,1,0,0,0,0,0,0,0,0,nan,nan,nan,nan,nan,nan,nan,nan,nan,nan,21020.0,112,0,0,2,nan,nan,nan,nan,nan,nan,2,0,0,10.148,9.422,2,B,NCTL,ND
2023-wimbledon-1156,2:20:36,1,5,5,0,11,0,62,1,2,196,nan,30,30,50,54,30,32,0,0,0,0,0,0,0,1,1,0,1,0,0,0,0,0,nan,nan,nan,nan,nan,nan,nan,nan,nan,nan,22020.0,122,0,0,2,nan,nan,nan,nan,nan,nan,1,0,0,46.669,35.811,12,W,CTL,D
2023-wimbledon-1156,2:21:24,1,5,5,0,11,0,63,1,2,175,nan,40,30,53,54,31,32,0,0,1,0,0,0,0,0,0,0,0,0,0,0,0,0,nan,nan,nan,nan,nan,nan,nan,nan,nan,nan,12010.0,109,0,0,2,nan,nan,nan,nan,nan,nan,1,0,B,12.39,10.552999999999999,4,BW,NCTL,D
2023-wimbledon-1156,2:21:58,1,5,5,0,11,0,64,2,2,201,nan,40,40,52,56,31,33,0,0,0,0,0,0,0,0,0,0,0,0,1,0,0,0,nan,nan,nan,nan,nan,nan,nan,nan,nan,nan,11030.0,125,1,0,2,nan,nan,nan,nan,nan,nan,1,0,0,6.465,6.149,1,C,NCTL,nan
2023-wimbledon-1156,2:22:24,1,5,5,0,11,0,65,2,2,196,nan,40,AD,51,58,31,34,0,0,0,0,0,0,0,0,0,0,0,0,0,0,0,0,nan,nan,nan,nan,nan,nan,nan,nan,nan,nan,11030.0,122,0,0,2,nan,nan,nan,nan,nan,nan,1,0,0,7.439,7.4270000000000005,1,W,CTL,ND
2023-wimbledon-1156,2:22:49,1,5,6,0,11,2,66,2,2,207,nan,0,0,50,62,31,35,0,0,0,0,0,0,0,0,0,1,0,1,0,0,0,0,nan,nan,nan,nan,nan,nan,nan,nan,nan,nan,11032.0,129,0,0,1,nan,nan,nan,nan,nan,nan,1,0,0,14.463,17.535999999999998,3,C,NCTL,ND
2023-wimbledon-1156,2:24:37,1,5,6,0,12,0,67,1,1,193,nan,15,0,52,61,32,35,0,0,0,0,0,0,0,0,0,0,0,0,0,0,0,0,nan,nan,nan,nan,nan,nan,nan,nan,nan,nan,22030.0,120,0,0,1,nan,nan,nan,nan,nan,nan,1,0,0,5.022,6.067,1,B,NCTL,D
2023-wimbledon-1156,2:24:59,1,5,6,0,12,0,68,1,1,156,nan,30,0,54,60,33,35,0,0,0,0,0,0,0,0,0,0,0,0,0,0,0,0,nan,nan,nan,nan,nan,nan,nan,nan,nan,nan,21030.0,97,0,0,1,nan,nan,nan,nan,nan,nan,2,0,0,3.3139999999999996,3.1710000000000003,1,B,NCTL,ND
2023-wimbledon-1156,2:25:37,1,5,6,0,12,0,69,1,1,202,nan,40,0,57,60,34,35,0,0,1,0,0,0,0,0,0,0,0,0,0,0,0,0,nan,nan,nan,nan,nan,nan,nan,nan,nan,nan,12010.0,126,0,0,1,nan,nan,nan,nan,nan,nan,1,0,B,7.084,8.539,3,BC,NCTL,ND
2023-wimbledon-1156,2:26:01,1,6,6,0,12,1,70,1,1,193,nan,0,0,61,59,35,35,0,0,0,0,0,0,0,0,0,0,0,0,0,0,0,0,nan,nan,nan,nan,nan,nan,nan,nan,nan,nan,22032.0,120,0,0,2,nan,nan,nan,nan,nan,nan,1,0,0,5.352,6.252999999999999,1,BW,NCTL,ND
2023-wimbledon-1156,2:26:44,1,6,6,0,13,0,71,1,2,185,nan,1,0,62,57,36,35,0,0,0,0,0,0,0,1,0,1,0,0,0,0,0,0,nan,nan,nan,nan,nan,nan,nan,nan,nan,nan,22420.0,115,0,0,1,nan,nan,nan,nan,nan,nan,1,0,0,25.523000000000003,20.394000000000002,4,W,CTL,ND
2023-wimbledon-1156,2:27:22,1,6,6,0,13,0,72,2,1,143,nan,1,1,60,58,36,36,0,0,0,0,0,0,1,0,0,0,0,0,0,0,0,0,nan,nan,nan,nan,nan,nan,nan,nan,nan,nan,11020.0,89,0,0,1,nan,nan,nan,nan,nan,nan,2,0,0,21.093000000000004,25.718000000000004,6,W,NCTL,ND
2023-wimbledon-1156,2:28:14,1,6,6,0,13,0,73,1,1,188,nan,2,1,62,57,37,36,0,0,0,0,0,0,0,0,0,0,0,0,0,0,0,0,nan,nan,nan,nan,nan,nan,nan,nan,nan,nan,21030.0,117,0,0,2,nan,nan,nan,nan,nan,nan,1,0,0,4.058,5.545,1,BC,NCTL,D
2023-wimbledon-1156,2:28:47,1,6,6,0,13,0,74,2,2,194,nan,2,2,61,59,37,37,0,0,0,0,0,0,0,0,0,1,0,1,0,0,0,0,nan,nan,nan,nan,nan,nan,nan,nan,nan,nan,12030.0,121,0,0,2,nan,nan,nan,nan,nan,nan,1,0,0,18.059,23.726,5,W,CTL,ND
2023-wimbledon-1156,2:29:26,1,6,6,0,13,0,75,1,2,0,nan,3,2,62,55,38,37,0,0,0,0,0,1,0,1,0,0,0,0,0,0,0,0,nan,nan,nan,nan,nan,nan,nan,nan,nan,nan,25000.0,0,0,0,1,nan,nan,nan,nan,nan,nan,0,0,0,3.986,3.766,0,BC,CTL,ND
2023-wimbledon-1156,2:30:14,1,6,6,0,13,0,76,1,1,194,nan,4,2,64,54,39,37,0,0,0,0,0,0,0,0,0,0,0,0,0,0,0,0,nan,nan,nan,nan,nan,nan,nan,nan,nan,nan,21030.0,121,0,0,1,nan,nan,nan,nan,nan,nan,1,0,0,3.113,5.705,1,C,NCTL,ND
2023-wimbledon-1156,2:31:22,1,6,6,0,13,0,77,1,1,175,nan,5,2,66,53,40,37,0,0,0,0,0,0,0,0,0,0,0,0,0,0,0,0,nan,nan,nan,nan,nan,nan,nan,nan,nan,nan,21030.0,109,0,0,2,nan,nan,nan,nan,nan,nan,1,0,0,4.398,7.109,1,W,CTL,ND
2023-wimbledon-1156,2:31:59,1,6,6,0,13,0,78,2,2,201,nan,5,3,66,56,40,38,0,0,0,1,0,0,0,0,0,0,0,0,0,0,0,0,nan,nan,nan,nan,nan,nan,nan,nan,nan,nan,24000.0,125,0,0,2,nan,nan,nan,nan,nan,nan,1,S,0,4.436,3.002,1,C,NCTL,D
2023-wimbledon-1156,2:32:35,1,6,6,0,13,0,79,2,2,188,nan,5,4,64,57,40,39,0,0,0,0,0,0,1,0,0,0,0,0,0,0,0,0,nan,nan,nan,nan,nan,nan,nan,nan,nan,nan,12020.0,117,0,0,1,nan,nan,nan,nan,nan,nan,1,0,0,20.256,15.276,5,BW,NCTL,ND
2023-wimbledon-1156,2:33:16,1,6,6,0,13,0,80,1,1,170,nan,6,4,68,57,41,39,1,0,1,0,0,0,0,0,0,0,0,0,0,0,0,0,nan,nan,nan,nan,nan,nan,nan,nan,nan,nan,13000.0,106,0,0,1,nan,nan,nan,nan,nan,nan,1,0,0,1.031,0.9470000000000001,1,W,CTL,nan
2023-wimbledon-1156,2:33:52,1,7,6,1,13,1,81,1,1,196,nan,0,0,75,53,42,39,0,0,0,0,0,0,0,0,1,0,1,0,0,0,0,0,nan,nan,nan,nan,nan,nan,nan,nan,nan,nan,21033.0,122,0,0,2,nan,nan,nan,nan,nan,nan,1,0,0,17.1,13.002,3,B,CTL,ND
2023-wimbledon-1156,2:36:26,2,0,0,0,1,0,82,1,1,191,nan,15,0,76,51,43,39,0,0,0,0,0,0,0,1,0,0,0,0,0,0,0,0,nan,nan,nan,nan,nan,nan,nan,nan,nan,nan,21020.0,119,0,0,1,nan,nan,nan,nan,nan,nan,1,0,0,18.098,19.643,5,C,NCTL,ND
2023-wimbledon-1156,2:36:58,2,0,0,0,1,0,83,1,1,157,nan,30,0,77,49,44,39,0,0,0,0,0,0,0,1,0,0,0,0,0,0,0,0,nan,nan,nan,nan,nan,nan,nan,nan,nan,nan,21020.0,98,0,0,1,nan,nan,nan,nan,nan,nan,1,0,0,24.805,16.269000000000002,5,B,NCTL,ND
2023-wimbledon-1156,2:37:30,2,0,0,0,1,0,84,2,1,167,nan,30,15,75,50,44,40,0,0,0,0,0,0,1,0,0,0,0,0,0,0,0,0,nan,nan,nan,nan,nan,nan,nan,nan,nan,nan,11020.0,104,0,0,1,nan,nan,nan,nan,nan,nan,2,0,0,6.434,8.925,2,BC,NCTL,ND
2023-wimbledon-1156,2:38:20,2,0,0,0,1,0,85,1,1,191,nan,40,15,78,50,45,40,0,0,1,0,0,0,0,0,0,0,0,0,0,0,0,0,nan,nan,nan,nan,nan,nan,nan,nan,nan,nan,14000.0,119,0,0,1,nan,nan,nan,nan,nan,nan,1,S,0,3.1060000000000003,4.621,1,C,NCTL,ND
2023-wimbledon-1156,2:38:42,2,1,0,0,1,1,86,1,1,0,nan,0,0,83,50,46,40,0,0,1,0,0,0,0,0,0,0,0,0,0,0,0,0,nan,nan,nan,nan,nan,nan,nan,nan,nan,nan,14002.0,0,0,0,2,nan,nan,nan,nan,nan,nan,1,S,0,1.2830000000000001,1.2670000000000001,1,C,NCTL,nan
2023-wimbledon-1156,2:39:50,2,1,0,0,2,0,87,2,2,183,nan,0,15,82,52,46,41,0,0,0,0,0,0,0,0,0,0,0,0,0,0,0,0,nan,nan,nan,nan,nan,nan,nan,nan,nan,nan,11030.0,114,0,0,2,nan,nan,nan,nan,nan,nan,1,0,0,8.216000000000001,6.95,1,W,NCTL,D
2023-wimbledon-1156,2:40:15,2,1,0,0,2,0,88,1,2,0,nan,15,15,83,48,47,41,0,0,0,0,0,1,0,1,0,0,0,0,0,0,0,0,nan,nan,nan,nan,nan,nan,nan,nan,nan,nan,25000.0,0,0,0,2,nan,nan,nan,nan,nan,nan,0,0,0,4.596,3.8510000000000004,0,BW,NCTL,nan
2023-wimbledon-1156,2:40:57,2,1,0,0,2,0,89,2,2,196,nan,15,30,83,51,47,42,0,0,0,1,0,0,0,0,0,1,0,1,0,0,0,0,nan,nan,nan,nan,nan,nan,nan,nan,nan,nan,21010.0,122,0,0,2,nan,nan,nan,nan,nan,nan,1,0,F,10.38,6.3020000000000005,3,W,CTL,ND
2023-wimbledon-1156,2:41:27,2,1,0,0,2,0,90,1,2,143,nan,30,30,84,49,48,42,0,0,0,0,0,0,0,1,0,0,0,0,0,0,0,0,nan,nan,nan,nan,nan,nan,nan,nan,nan,nan,22020.0,89,0,0,2,nan,nan,nan,nan,nan,nan,2,0,0,23.206,22.377,6,BW,NCTL,ND
2023-wimbledon-1156,2:42:22,2,1,0,0,2,0,91,2,2,191,nan,30,40,84,52,48,43,0,0,0,1,0,0,0,0,0,1,0,1,0,0,0,0,nan,nan,nan,nan,nan,nan,nan,nan,nan,nan,21410.0,119,0,0,2,nan,nan,nan,nan,nan,nan,1,0,F,14.45,16.704,5,BC,NCTL,ND
2023-wimbledon-1156,2:42:58,2,1,0,0,2,0,92,1,2,189,nan,40,40,85,50,49,43,0,0,0,0,0,0,0,1,0,0,0,0,0,0,0,0,nan,nan,nan,nan,nan,nan,nan,nan,nan,nan,22020.0,118,0,0,2,nan,nan,nan,nan,nan,nan,1,0,0,13.064,10.382,2,W,CTL,ND
2023-wimbledon-1156,2:43:29,2,1,0,0,2,0,93,2,2,204,nan,40,AD,83,51,49,44,0,0,0,0,0,0,1,0,0,0,0,0,0,0,0,0,nan,nan,nan,nan,nan,nan,nan,nan,nan,nan,11020.0,127,0,0,2,nan,nan,nan,nan,nan,nan,1,0,0,34.797,34.711999999999996,9,C,NCTL,ND
2023-wimbledon-1156,2:44:35,2,1,0,0,2,0,94,1,2,177,nan,40,40,85,50,50,44,0,0,0,0,0,0,0,0,0,0,0,0,0,0,0,0,nan,nan,nan,nan,nan,nan,nan,nan,nan,nan,21030.0,110,0,0,2,nan,nan,nan,nan,nan,nan,1,0,0,7.388,6.504,2,BW,NCTL,D
2023-wimbledon-1156,2:45:05,2,1,0,0,2,0,95,2,2,167,nan,40,AD,83,51,50,45,0,0,0,0,0,0,1,0,0,0,0,0,0,0,0,0,nan,nan,nan,nan,nan,nan,nan,nan,nan,nan,11020.0,104,0,0,2,nan,nan,nan,nan,nan,nan,2,0,0,10.958,12.72,3,BC,NCTL,ND
2023-wimbledon-1156,2:45:50,2,1,1,0,2,2,96,2,2,202,nan,0,0,81,54,50,46,0,0,0,0,0,0,1,0,0,0,0,0,0,0,0,0,nan,nan,nan,nan,nan,nan,nan,nan,nan,nan,12022.0,126,0,0,1,nan,nan,nan,nan,nan,nan,1,0,0,21.986,26.545,5,BC,NCTL,ND
2023-wimbledon-1156,2:46:29,2,1,1,0,3,0,97,1,1,199,nan,15,0,83,53,51,46,0,0,0,0,0,0,0,0,0,0,0,0,0,0,0,0,nan,nan,nan,nan,nan,nan,nan,nan,nan,nan,22030.0,124,0,0,1,nan,nan,nan,nan,nan,nan,1,0,0,9.41,9.292,1,C,NCTL,ND
2023-wimbledon-1156,2:46:53,2,1,1,0,3,0,98,1,1,188,nan,30,0,85,52,52,46,0,0,0,0,0,0,0,0,0,0,0,0,0,0,0,0,nan,nan,nan,nan,nan,nan,nan,nan,nan,nan,22030.0,117,0,0,1,nan,nan,nan,nan,nan,nan,1,0,0,6.747999999999999,6.2170000000000005,1,BW,NCTL,ND
2023-wimbledon-1156,2:47:17,2,1,1,0,3,0,99,2,1,186,nan,30,15,83,53,52,47,0,0,0,0,0,0,1,0,1,0,0,0,0,0,0,0,nan,nan,nan,nan,nan,nan,nan,nan,nan,nan,12020.0,116,0,0,1,nan,nan,nan,nan,nan,nan,1,0,0,21.397,36.701,4,BW,CTL,ND
2023-wimbledon-1156,2:48:02,2,1,1,0,3,0,100,1,1,183,nan,40,15,85,52,53,47,0,0,0,0,0,0,0,0,0,0,0,0,0,0,0,0,nan,nan,nan,nan,nan,nan,nan,nan,nan,nan,21030.0,114,0,0,1,nan,nan,nan,nan,nan,nan,1,0,0,5.746,6.347,1,C,CTL,ND
2023-wimbledon-1156,2:48:24,2,2,1,0,3,1,101,1,1,197,nan,0,0,89,51,54,47,0,0,0,0,0,0,0,0,0,0,0,0,0,0,0,0,nan,nan,nan,nan,nan,nan,nan,nan,nan,nan,21032.0,123,0,0,2,nan,nan,nan,nan,nan,nan,1,0,0,10.624,22.669,3,C,NCTL,ND
2023-wimbledon-1156,2:50:12,2,2,1,0,4,0,102,2,2,183,nan,0,15,88,53,54,48,0,0,0,0,0,0,0,0,0,0,0,0,0,0,0,0,nan,nan,nan,nan,nan,nan,nan,nan,nan,nan,11030.0,114,0,0,2,nan,nan,nan,nan,nan,nan,1,0,0,9.766,6.983,1,BW,NCTL,D
2023-wimbledon-1156,2:50:36,2,2,1,0,4,0,103,2,2,160,nan,0,30,87,55,54,49,0,0,0,0,0,0,0,0,0,0,0,0,0,0,0,0,nan,nan,nan,nan,nan,nan,nan,nan,nan,nan,12030.0,100,0,0,2,nan,nan,nan,nan,nan,nan,2,0,0,7.402,4.721,1,B,NCTL,ND
2023-wimbledon-1156,2:51:38,2,2,1,0,4,0,104,2,2,199,nan,0,40,86,57,54,50,0,0,0,0,0,0,0,0,0,0,0,0,0,0,0,0,nan,nan,nan,nan,nan,nan,nan,nan,nan,nan,12030.0,124,0,0,2,nan,nan,nan,nan,nan,nan,1,0,0,7.606,7.051,1,C,CTL,D
2023-wimbledon-1156,2:52:02,2,2,2,0,4,2,105,2,2,194,nan,0,0,86,63,54,51,0,1,0,1,0,0,0,0,0,0,0,0,0,0,0,0,nan,nan,nan,nan,nan,nan,nan,nan,nan,nan,23002.0,121,0,0,1,nan,nan,nan,nan,nan,nan,1,0,0,6.716,7.454,1,C,NCTL,nan
2023-wimbledon-1156,2:52:34,2,2,2,0,5,0,106,1,1,185,nan,15,0,88,62,55,51,0,0,0,0,0,0,0,0,0,0,0,0,0,0,0,0,nan,nan,nan,nan,nan,nan,nan,nan,nan,nan,21030.0,115,0,0,1,nan,nan,nan,nan,nan,nan,1,0,0,1.995,2.588,1,W,NCTL,D
2023-wimbledon-1156,2:52:55,2,2,2,0,5,0,107,1,1,191,nan,30,0,89,60,56,51,0,0,0,0,0,0,0,1,0,0,0,0,0,0,0,0,nan,nan,nan,nan,nan,nan,nan,nan,nan,nan,22020.0,119,0,0,1,nan,nan,nan,nan,nan,nan,1,0,0,10.222000000000001,15.584000000000001,3,BW,NCTL,D
2023-wimbledon-1156,2:53:32,2,2,2,0,5,0,108,2,1,0,nan,30,15,85,61,56,52,0,0,0,0,1,0,1,0,0,0,0,0,0,0,0,0,nan,nan,nan,nan,nan,nan,nan,nan,nan,nan,15000.0,0,0,0,1,nan,nan,nan,nan,nan,nan,0,0,0,4.148,3.818,0,C,CTL,nan
2023-wimbledon-1156,2:54:29,2,2,2,0,5,0,109,1,1,165,nan,40,15,88,61,57,52,0,0,1,0,0,0,0,0,0,0,0,0,0,0,0,0,nan,nan,nan,nan,nan,nan,nan,nan,nan,nan,11010.0,103,0,0,1,nan,nan,nan,nan,nan,nan,2,0,F,7.6770000000000005,8.895,3,BW,NCTL,ND
2023-wimbledon-1156,2:55:10,2,3,2,0,5,1,110,1,1,202,nan,0,0,92,60,58,52,0,0,0,0,0,0,0,0,0,0,0,0,0,0,0,0,nan,nan,nan,nan,nan,nan,nan,nan,nan,nan,22032.0,126,0,0,2,nan,nan,nan,nan,nan,nan,1,0,0,4.927,6.416,1,BC,NCTL,ND
2023-wimbledon-1156,2:57:02,2,3,2,0,6,0,111,1,2,160,nan,15,0,93,58,59,52,0,0,0,0,0,0,0,1,0,0,0,0,0,0,0,0,nan,nan,nan,nan,nan,nan,nan,nan,nan,nan,22020.0,100,0,0,2,nan,nan,nan,nan,nan,nan,2,0,0,9.306000000000001,7.942,2,BC,NCTL,ND
2023-wimbledon-1156,2:57:51,2,3,2,0,6,0,112,2,2,186,nan,15,15,92,60,59,53,0,0,0,0,0,0,0,0,0,0,0,0,0,0,0,0,nan,nan,nan,nan,nan,nan,nan,nan,nan,nan,11030.0,116,0,0,2,nan,nan,nan,nan,nan,nan,1,0,0,7.77,7.462000000000001,1,C,CTL,D
2023-wimbledon-1156,2:58:19,2,3,2,0,6,0,113,1,2,199,nan,30,15,95,60,60,53,0,0,1,0,0,0,0,0,0,0,0,0,0,0,0,0,nan,nan,nan,nan,nan,nan,nan,nan,nan,nan,11010.0,124,0,0,2,nan,nan,nan,nan,nan,nan,1,0,F,53.04,45.728,16,BC,CTL,ND
2023-wimbledon-1156,2:59:17,2,3,2,0,6,0,114,2,2,157,nan,30,30,93,61,60,54,0,0,0,0,0,0,1,0,0,0,0,0,0,0,0,0,nan,nan,nan,nan,nan,nan,nan,nan,nan,nan,12020.0,98,0,0,2,nan,nan,nan,nan,nan,nan,2,0,0,8.825,9.163,1,B,NCTL,D
2023-wimbledon-1156,3:00:41,2,3,2,0,6,0,115,2,2,173,nan,30,40,93,64,60,55,0,0,0,1,0,0,0,0,0,1,0,1,0,0,0,0,nan,nan,nan,nan,nan,nan,nan,nan,nan,nan,21410.0,108,0,0,2,nan,nan,nan,nan,nan,nan,2,0,F,15.575,17.422,5,BW,NCTL,ND
2023-wimbledon-1156,3:01:35,2,3,3,0,6,2,116,2,2,201,nan,0,0,93,70,60,56,0,1,0,1,0,0,0,0,0,0,0,0,0,0,0,0,nan,nan,nan,nan,nan,nan,nan,nan,nan,nan,23002.0,125,0,0,1,nan,nan,nan,nan,nan,nan,1,0,0,7.207000000000001,7.7620000000000005,1,W,CTL,nan
2023-wimbledon-1156,3:02:19,2,3,3,0,7,0,117,1,1,199,nan,15,0,95,69,61,56,0,0,0,0,0,0,0,0,0,0,0,0,0,0,0,0,nan,nan,nan,nan,nan,nan,nan,nan,nan,nan,22030.0,124,0,0,1,nan,nan,nan,nan,nan,nan,1,0,0,8.01,7.882999999999999,1,C,CTL,ND
2023-wimbledon-1156,3:02:42,2,3,3,0,7,0,118,1,1,197,nan,30,0,97,68,62,56,0,0,0,0,0,0,0,0,0,0,0,0,0,0,0,0,nan,nan,nan,nan,nan,nan,nan,nan,nan,nan,21030.0,123,0,0,1,nan,nan,nan,nan,nan,nan,1,0,0,5.175,6.898,1,C,NCTL,ND
2023-wimbledon-1156,3:03:04,2,3,3,0,7,0,119,1,1,168,nan,40,0,100,68,63,56,0,0,1,0,0,0,0,0,0,0,0,0,0,0,0,0,nan,nan,nan,nan,nan,nan,nan,nan,nan,nan,11010.0,105,0,0,1,nan,nan,nan,nan,nan,nan,2,0,F,10.866,8.582,3,BC,CTL,D
2023-wimbledon-1156,3:03:47,2,4,3,0,7,1,120,1,1,143,nan,0,0,104,67,64,56,0,0,0,0,0,0,0,0,1,0,1,0,0,0,0,0,nan,nan,nan,nan,nan,nan,nan,nan,nan,nan,22032.0,89,0,0,2,nan,nan,nan,nan,nan,nan,2,0,0,12.360999999999999,12.6,3,B,NCTL,ND
2023-wimbledon-1156,3:05:49,2,4,3,0,8,0,121,1,2,151,nan,15,0,107,67,65,56,0,0,1,0,0,0,0,0,0,0,0,0,0,0,0,0,nan,nan,nan,nan,nan,nan,nan,nan,nan,nan,12010.0,94,0,0,2,nan,nan,nan,nan,nan,nan,2,0,B,5.075,6.24,2,BC,NCTL,ND
2023-wimbledon-1156,3:06:38,2,4,3,0,8,0,122,1,2,156,nan,30,0,108,65,66,56,0,0,0,0,0,0,0,1,0,0,0,0,0,0,0,0,nan,nan,nan,nan,nan,nan,nan,nan,nan,nan,21020.0,97,0,0,2,nan,nan,nan,nan,nan,nan,2,0,0,28.756999999999998,31.644000000000002,8,B,NCTL,ND
2023-wimbledon-1156,3:07:42,2,4,3,0,8,0,123,2,2,188,nan,30,15,107,67,66,57,0,0,0,0,0,0,0,0,0,0,0,0,0,0,0,0,nan,nan,nan,nan,nan,nan,nan,nan,nan,nan,11030.0,117,0,0,2,nan,nan,nan,nan,nan,nan,1,0,0,3.6060000000000003,2.657,1,W,NCTL,ND
2023-wimbledon-1156,3:08:10,2,4,3,0,8,0,124,2,2,199,nan,30,30,107,70,66,58,0,0,0,1,0,0,0,0,0,1,0,1,0,0,0,0,nan,nan,nan,nan,nan,nan,nan,nan,nan,nan,21410.0,124,0,0,2,nan,nan,nan,nan,nan,nan,1,0,F,20.628,19.364,5,BC,NCTL,ND
2023-wimbledon-1156,3:08:49,2,4,3,0,8,0,125,2,2,191,nan,30,40,106,72,66,59,0,0,0,0,0,0,0,0,0,0,0,0,0,0,0,0,nan,nan,nan,nan,nan,nan,nan,nan,nan,nan,11030.0,119,0,0,2,nan,nan,nan,nan,nan,nan,1,0,0,8.356,5.196000000000001,1,W,NCTL,D
2023-wimbledon-1156,3:09:22,2,4,4,0,8,2,126,2,2,185,nan,0,0,106,77,66,60,0,0,0,1,0,0,0,0,0,0,0,0,0,0,0,0,nan,nan,nan,nan,nan,nan,nan,nan,nan,nan,24002.0,115,0,0,1,nan,nan,nan,nan,nan,nan,2,S,0,7.718,5.527,1,C,NCTL,D
2023-wimbledon-1156,3:10:36,2,4,4,0,9,0,127,1,1,188,nan,15,0,108,76,67,60,0,0,0,0,0,0,0,0,0,0,0,0,0,0,0,0,nan,nan,nan,nan,nan,nan,nan,nan,nan,nan,21030.0,117,0,0,1,nan,nan,nan,nan,nan,nan,1,0,0,7.8420000000000005,8.941,1,BW,NCTL,D
2023-wimbledon-1156,3:11:02,2,4,4,0,9,0,128,2,1,0,nan,15,15,107,78,67,61,0,0,0,0,0,0,0,0,0,0,0,0,0,0,0,0,nan,nan,nan,nan,nan,nan,nan,nan,nan,nan,11030.0,0,0,0,1,nan,nan,nan,nan,nan,nan,1,0,0,7.675,10.661,2,W,NCTL,D
2023-wimbledon-1156,3:11:32,2,4,4,0,9,0,129,1,1,183,nan,30,15,109,77,68,61,0,0,0,0,0,0,0,0,0,0,0,0,0,0,0,0,nan,nan,nan,nan,nan,nan,nan,nan,nan,nan,21030.0,114,0,0,1,nan,nan,nan,nan,nan,nan,1,0,0,3.1639999999999997,8.881,1,W,CTL,ND
2023-wimbledon-1156,3:11:57,2,4,4,0,9,0,130,1,1,193,nan,40,15,112,77,69,61,0,0,1,0,0,0,0,0,0,0,0,0,0,0,0,0,nan,nan,nan,nan,nan,nan,nan,nan,nan,nan,11010.0,120,0,0,1,nan,nan,nan,nan,nan,nan,1,0,F,8.266,19.8,3,W,CTL,ND
2023-wimbledon-1156,3:12:47,2,5,4,0,9,1,131,1,1,209,nan,0,0,117,77,70,61,0,0,1,0,0,0,0,0,1,0,1,0,0,0,0,0,nan,nan,nan,nan,nan,nan,nan,nan,nan,nan,11012.0,130,0,0,2,nan,nan,nan,nan,nan,nan,1,0,F,10.17,10.751,3,C,CTL,ND
2023-wimbledon-1156,3:14:44,2,5,4,0,10,0,132,2,2,180,nan,0,15,116,79,70,62,0,0,0,0,0,0,0,0,0,0,0,0,0,0,0,0,nan,nan,nan,nan,nan,nan,nan,nan,nan,nan,11030.0,112,0,0,2,nan,nan,nan,nan,nan,nan,1,0,0,0.7190000000000001,0.755,1,W,CTL,nan
2023-wimbledon-1156,3:15:10,2,5,4,0,10,0,133,2,2,197,nan,0,30,116,83,70,63,0,1,0,1,0,0,0,0,0,0,0,0,0,0,0,0,nan,nan,nan,nan,nan,nan,nan,nan,nan,nan,23000.0,123,0,0,2,nan,nan,nan,nan,nan,nan,1,0,0,0.653,0.843,1,C,NCTL,nan
2023-wimbledon-1156,3:15:35,2,5,4,0,10,0,134,2,2,177,nan,0,40,114,84,70,64,0,0,0,0,0,0,1,0,0,0,0,0,0,0,0,0,nan,nan,nan,nan,nan,nan,nan,nan,nan,nan,12020.0,110,0,0,2,nan,nan,nan,nan,nan,nan,2,0,0,47.461000000000006,44.463,13,BW,NCTL,D
2023-wimbledon-1156,3:16:41,2,5,5,0,10,2,135,2,2,193,nan,0,0,113,88,70,65,0,0,0,0,0,0,0,0,0,1,0,1,0,0,0,0,nan,nan,nan,nan,nan,nan,nan,nan,nan,nan,12032.0,120,0,0,1,nan,nan,nan,nan,nan,nan,1,0,0,32.435,16.008,3,C,NCTL,ND
2023-wimbledon-1156,3:17:38,2,5,5,0,11,0,136,1,1,186,nan,15,0,115,87,71,65,0,0,0,0,0,0,0,0,0,0,0,0,0,0,0,0,nan,nan,nan,nan,nan,nan,nan,nan,nan,nan,22030.0,116,0,0,1,nan,nan,nan,nan,nan,nan,1,0,0,13.964,28.236,3,W,CTL,D
2023-wimbledon-1156,3:18:04,2,5,5,0,11,0,137,1,1,185,nan,30,0,117,86,72,65,0,0,0,0,0,0,0,0,1,0,1,0,0,0,0,0,nan,nan,nan,nan,nan,nan,nan,nan,nan,nan,21030.0,115,0,0,1,nan,nan,nan,nan,nan,nan,1,0,0,12.442,15.743,3,W,CTL,ND
2023-wimbledon-1156,3:18:33,2,5,5,0,11,0,138,2,1,0,nan,30,15,113,87,72,66,0,0,0,0,1,0,1,0,0,0,0,0,0,0,0,0,nan,nan,nan,nan,nan,nan,nan,nan,nan,nan,15000.0,0,0,0,1,nan,nan,nan,nan,nan,nan,0,0,0,2.9530000000000003,3.1239999999999997,0,BC,CTL,ND
2023-wimbledon-1156,3:19:16,2,5,5,0,11,0,139,2,1,194,nan,30,30,111,88,72,67,0,0,0,0,0,0,1,0,1,0,0,0,0,0,0,0,nan,nan,nan,nan,nan,nan,nan,nan,nan,nan,11420.0,121,0,0,1,nan,nan,nan,nan,nan,nan,1,0,0,16.46,18.104,4,BW,NCTL,ND
2023-wimbledon-1156,3:19:57,2,5,5,0,11,0,140,1,1,209,nan,40,30,114,88,73,67,0,0,1,0,0,0,0,0,0,0,0,0,0,0,0,0,nan,nan,nan,nan,nan,nan,nan,nan,nan,nan,11010.0,130,0,0,1,nan,nan,nan,nan,nan,nan,1,0,F,9.593,10.921,3,BC,NCTL,ND
2023-wimbledon-1156,3:20:25,2,5,5,0,11,0,141,2,1,199,nan,40,40,112,89,73,68,0,0,0,0,0,0,1,0,0,0,0,0,0,0,0,0,nan,nan,nan,nan,nan,nan,nan,nan,nan,nan,11020.0,124,0,0,1,nan,nan,nan,nan,nan,nan,1,0,0,9.286,26.798000000000002,2,C,CTL,ND
2023-wimbledon-1156,3:20:57,2,5,5,0,11,0,142,2,1,0,nan,40,AD,110,90,73,69,0,0,0,0,0,0,1,0,1,0,0,0,0,0,0,0,nan,nan,nan,nan,nan,nan,nan,nan,nan,nan,12020.0,0,0,0,1,nan,nan,nan,nan,nan,nan,1,0,0,19.455,70.807,8,W,CTL,D
2023-wimbledon-1156,3:21:46,2,5,6,0,11,2,143,2,1,202,nan,0,0,108,98,73,70,0,0,0,1,0,0,0,0,0,0,0,0,0,1,0,1,nan,nan,nan,nan,nan,nan,nan,nan,nan,nan,21011.0,126,0,1,2,nan,nan,nan,nan,nan,nan,1,0,F,19.997,20.95,6,BC,NCTL,D
2023-wimbledon-1156,3:24:19,2,5,6,0,12,0,144,2,2,180,nan,0,15,106,99,73,71,0,0,0,0,0,0,1,0,0,1,0,1,0,0,0,0,nan,nan,nan,nan,nan,nan,nan,nan,nan,nan,11020.0,112,0,0,2,nan,nan,nan,nan,nan,nan,1,0,0,34.471,21.115,5,BW,NCTL,ND
2023-wimbledon-1156,3:24:57,2,5,6,0,12,0,145,1,2,0,nan,15,15,107,95,74,71,0,0,0,0,0,1,0,1,0,0,0,0,0,0,0,0,nan,nan,nan,nan,nan,nan,nan,nan,nan,nan,25000.0,0,0,0,2,nan,nan,nan,nan,nan,nan,0,0,0,1.756,2.169,0,BW,CTL,nan
2023-wimbledon-1156,3:25:43,2,5,6,0,12,0,146,2,2,172,nan,15,30,107,98,74,72,0,0,0,1,0,0,0,0,0,1,0,1,0,0,0,0,nan,nan,nan,nan,nan,nan,nan,nan,nan,nan,21510.0,107,0,0,2,nan,nan,nan,nan,nan,nan,2,0,F,20.165,19.227,7,BW,NCTL,ND
2023-wimbledon-1156,3:26:45,2,5,6,0,12,0,147,2,2,194,nan,15,40,106,100,74,73,0,0,0,0,0,0,0,0,0,0,0,0,0,0,0,0,nan,nan,nan,nan,nan,nan,nan,nan,nan,nan,12030.0,121,0,0,2,nan,nan,nan,nan,nan,nan,1,0,0,8.808,11.842,1,W,CTL,ND
2023-wimbledon-1156,3:27:18,2,5,6,0,12,0,148,1,2,157,nan,30,40,107,98,75,73,0,0,0,0,0,0,0,1,0,0,0,0,0,0,0,0,nan,nan,nan,nan,nan,nan,nan,nan,nan,nan,21020.0,98,0,0,2,nan,nan,nan,nan,nan,nan,2,0,0,7.702999999999999,7.487,2,C,NCTL,ND
2023-wimbledon-1156,3:28:09,2,5,6,0,12,0,149,1,2,197,nan,40,40,108,96,76,73,0,0,0,0,0,0,0,1,0,0,0,0,0,0,0,0,nan,nan,nan,nan,nan,nan,nan,nan,nan,nan,21020.0,123,0,0,2,nan,nan,nan,nan,nan,nan,1,0,0,53.858000000000004,47.598,14,C,CTL,ND
2023-wimbledon-1156,3:29:06,2,5,6,0,12,0,150,1,2,0,nan,AD,40,109,92,77,73,0,0,0,0,0,1,0,1,0,0,0,0,0,0,0,0,nan,nan,nan,nan,nan,nan,nan,nan,nan,nan,25000.0,0,0,0,2,nan,nan,nan,nan,nan,nan,0,0,0,2.219,2.5580000000000003,0,C,CTL,nan
2023-wimbledon-1156,3:30:06,2,6,6,0,12,1,151,1,2,201,nan,0,0,114,88,78,73,0,0,0,0,0,0,0,1,0,1,0,0,1,0,1,0,nan,nan,nan,nan,nan,nan,nan,nan,nan,nan,21021.0,125,1,0,1,nan,nan,nan,nan,nan,nan,1,0,0,10.042,11.172,2,C,NCTL,ND
2023-wimbledon-1156,3:30:51,2,6,6,0,13,0,152,1,1,178,nan,1,0,116,87,79,73,0,0,0,0,0,0,0,0,0,0,0,0,0,0,0,0,nan,nan,nan,nan,nan,nan,nan,nan,nan,nan,21030.0,111,0,0,2,nan,nan,nan,nan,nan,nan,1,0,0,4.638999999999999,5.617000000000001,1,BW,NCTL,D
2023-wimbledon-1156,3:31:41,2,6,6,0,13,0,153,2,2,191,nan,1,1,115,89,79,74,0,0,0,0,0,0,0,0,0,1,0,1,0,0,0,0,nan,nan,nan,nan,nan,nan,nan,nan,nan,nan,11030.0,119,0,0,2,nan,nan,nan,nan,nan,nan,1,0,0,10.102,13.151,3,BC,NCTL,ND
2023-wimbledon-1156,3:32:51,2,6,6,0,13,0,154,2,2,162,nan,1,2,114,91,79,75,0,0,0,0,0,0,0,0,0,0,0,0,0,0,0,0,nan,nan,nan,nan,nan,nan,nan,nan,nan,nan,11030.0,101,0,0,1,nan,nan,nan,nan,nan,nan,2,0,0,49.39,33.949,9,B,NCTL,D
2023-wimbledon-1156,3:33:55,2,6,6,0,13,0,155,2,1,194,nan,1,3,112,92,79,76,0,0,0,0,0,0,1,0,0,0,0,0,0,0,0,0,nan,nan,nan,nan,nan,nan,nan,nan,nan,nan,11020.0,121,0,0,1,nan,nan,nan,nan,nan,nan,1,0,0,43.57899999999999,66.533,12,BW,NCTL,ND
2023-wimbledon-1156,3:34:41,2,6,6,0,13,0,156,1,1,206,nan,2,3,114,91,80,76,0,0,0,0,0,0,0,0,1,0,1,0,0,0,0,0,nan,nan,nan,nan,nan,nan,nan,nan,nan,nan,21030.0,128,0,0,2,nan,nan,nan,nan,nan,nan,1,0,0,17.718,15.857000000000001,3,C,NCTL,ND
2023-wimbledon-1156,3:35:37,2,6,6,0,13,0,157,2,2,189,nan,2,4,114,95,80,77,0,1,0,1,0,0,0,0,0,0,0,0,0,0,0,0,nan,nan,nan,nan,nan,nan,nan,nan,nan,nan,23000.0,118,0,0,2,nan,nan,nan,nan,nan,nan,1,0,0,5.327000000000001,6.728,1,W,CTL,D
2023-wimbledon-1156,3:36:54,2,6,6,0,13,0,158,2,2,186,nan,2,5,113,97,80,78,0,0,0,0,0,0,0,0,0,0,0,0,0,0,0,0,nan,nan,nan,nan,nan,nan,nan,nan,nan,nan,11030.0,116,0,0,1,nan,nan,nan,nan,nan,nan,1,0,0,6.882000000000001,6.9510000000000005,1,W,CTL,nan
2023-wimbledon-1156,3:37:27,2,6,6,0,13,0,159,1,1,159,nan,3,5,114,95,81,78,0,0,0,0,0,0,0,1,0,0,0,0,0,0,0,0,nan,nan,nan,nan,nan,nan,nan,nan,nan,nan,21020.0,99,0,0,1,nan,nan,nan,nan,nan,nan,2,0,0,4.938,4.915,1,B,NCTL,ND
2023-wimbledon-1156,3:38:07,2,6,6,0,13,0,160,2,1,164,nan,3,6,112,96,81,79,0,0,0,0,0,0,1,0,0,0,0,0,0,0,0,0,nan,nan,nan,nan,nan,nan,nan,nan,nan,nan,11020.0,102,0,0,2,nan,nan,nan,nan,nan,nan,2,0,0,21.017,28.334,8,BC,NCTL,ND
2023-wimbledon-1156,3:39:11,2,6,6,0,13,0,161,1,2,194,nan,4,6,113,94,82,79,0,0,0,0,0,0,0,1,0,0,0,0,0,0,0,0,nan,nan,nan,nan,nan,nan,nan,nan,nan,nan,21020.0,121,0,0,2,nan,nan,nan,nan,nan,nan,1,0,0,36.83,27.683000000000003,6,C,NCTL,ND
2023-wimbledon-1156,3:40:11,2,6,7,2,13,2,162,2,2,202,nan,0,0,109,101,82,80,0,0,0,0,0,0,0,0,0,1,0,1,0,0,0,0,nan,nan,nan,nan,nan,nan,nan,nan,nan,nan,12033.0,126,0,0,1,nan,nan,nan,nan,nan,nan,1,0,0,17.062,20.232,3,C,NCTL,ND
2023-wimbledon-1156,3:42:45,3,0,0,0,1,0,163,2,2,199,nan,0,15,107,102,82,81,0,0,0,0,0,0,1,0,0,0,0,0,0,0,0,0,nan,nan,nan,nan,nan,nan,nan,nan,nan,nan,12020.0,124,0,0,2,nan,nan,nan,nan,nan,nan,1,0,0,27.866,17.767,5,BC,NCTL,D
2023-wimbledon-1156,3:43:23,3,0,0,0,1,0,164,2,2,146,nan,0,30,107,105,82,82,0,0,0,1,0,0,0,0,0,0,0,0,0,0,0,0,nan,nan,nan,nan,nan,nan,nan,nan,nan,nan,22010.0,91,0,0,2,nan,nan,nan,nan,nan,nan,2,0,B,6.894,7.023,3,B,NCTL,ND
2023-wimbledon-1156,3:44:02,3,0,0,0,1,0,165,1,2,162,nan,15,30,108,103,83,82,0,0,0,0,0,0,0,1,0,0,0,0,0,0,0,0,nan,nan,nan,nan,nan,nan,nan,nan,nan,nan,22020.0,101,0,0,2,nan,nan,nan,nan,nan,nan,2,0,0,27.245,27.230999999999998,6,C,NCTL,ND
2023-wimbledon-1156,3:44:55,3,0,0,0,1,0,166,1,2,173,nan,30,30,110,102,84,82,0,0,0,0,0,0,0,0,1,0,1,0,0,0,0,0,nan,nan,nan,nan,nan,nan,nan,nan,nan,nan,21030.0,108,0,0,2,nan,nan,nan,nan,nan,nan,2,0,0,39.889,41.248999999999995,12,BC,NCTL,ND
2023-wimbledon-1156,3:46:11,3,0,0,0,1,0,167,2,2,160,nan,30,40,109,104,84,83,0,0,0,0,0,0,0,0,0,0,0,0,0,0,0,0,nan,nan,nan,nan,nan,nan,nan,nan,nan,nan,11030.0,100,0,0,2,nan,nan,nan,nan,nan,nan,2,0,0,34.903,33.404,9,BC,NCTL,D
2023-wimbledon-1156,3:47:26,3,0,1,0,1,2,168,2,2,168,nan,0,0,107,107,84,84,0,0,0,0,0,0,1,0,0,0,0,0,0,0,0,0,nan,nan,nan,nan,nan,nan,nan,nan,nan,nan,12022.0,105,0,0,1,nan,nan,nan,nan,nan,nan,2,0,0,10.007,14.17,3,BW,NCTL,ND
2023-wimbledon-1156,3:49:13,3,0,1,0,2,0,169,1,1,185,nan,15,0,111,107,85,84,1,0,1,0,0,0,0,0,0,0,0,0,0,0,0,0,nan,nan,nan,nan,nan,nan,nan,nan,nan,nan,13000.0,115,0,0,1,nan,nan,nan,nan,nan,nan,1,0,0,0.9329999999999999,1.5619999999999998,1,W,CTL,nan
2023-wimbledon-1156,3:49:36,3,0,1,0,2,0,170,2,1,156,nan,15,15,110,109,85,85,0,0,0,0,0,0,0,0,0,0,0,0,0,0,0,0,nan,nan,nan,nan,nan,nan,nan,nan,nan,nan,11030.0,97,0,0,1,nan,nan,nan,nan,nan,nan,2,0,0,16.265,14.81,4,B,NCTL,ND
2023-wimbledon-1156,3:50:22,3,0,1,0,2,0,171,1,1,164,nan,30,15,111,107,86,85,0,0,0,0,0,0,0,1,0,0,0,0,0,0,0,0,nan,nan,nan,nan,nan,nan,nan,nan,nan,nan,21020.0,102,0,0,1,nan,nan,nan,nan,nan,nan,2,0,0,3.969,4.251,1,BW,NCTL,D
2023-wimbledon-1156,3:51:06,3,0,1,0,2,0,172,1,1,199,nan,40,15,115,107,87,85,1,0,1,0,0,0,0,0,0,0,0,0,0,0,0,0,nan,nan,nan,nan,nan,nan,nan,nan,nan,nan,13000.0,124,0,0,1,nan,nan,nan,nan,nan,nan,1,0,0,0.7020000000000001,0.722,1,C,NCTL,nan
2023-wimbledon-1156,3:51:28,3,1,1,0,2,1,173,1,1,156,nan,0,0,119,106,88,85,0,0,0,0,0,0,0,0,0,0,0,0,0,0,0,0,nan,nan,nan,nan,nan,nan,nan,nan,nan,nan,21032.0,97,0,0,2,nan,nan,nan,nan,nan,nan,2,0,0,10.895999999999999,15.833,3,C,NCTL,ND
2023-wimbledon-1156,3:52:43,3,1,1,0,3,0,174,2,2,152,nan,0,15,117,107,88,86,0,0,0,0,0,0,1,0,0,0,0,0,0,0,0,0,nan,nan,nan,nan,nan,nan,nan,nan,nan,nan,11020.0,95,0,0,2,nan,nan,nan,nan,nan,nan,2,0,0,13.308,12.41,3,C,NCTL,ND
2023-wimbledon-1156,3:53:29,3,1,1,0,3,0,175,2,2,204,nan,0,30,116,109,88,87,0,0,0,0,0,0,0,0,0,0,0,0,0,0,0,0,nan,nan,nan,nan,nan,nan,nan,nan,nan,nan,12030.0,127,0,0,2,nan,nan,nan,nan,nan,nan,1,0,0,7.019,6.007999999999999,1,W,CTL,ND
2023-wimbledon-1156,3:53:54,3,1,1,0,3,0,176,1,2,181,nan,15,30,117,107,89,87,0,0,0,0,0,0,0,1,0,0,0,0,0,0,0,0,nan,nan,nan,nan,nan,nan,nan,nan,nan,nan,22020.0,113,0,0,2,nan,nan,nan,nan,nan,nan,1,0,0,14.065,8.182,2,W,NCTL,ND
2023-wimbledon-1156,3:54:23,3,1,1,0,3,0,177,2,2,135,nan,15,40,116,109,89,88,0,0,0,0,0,0,0,0,0,0,0,0,0,0,0,0,nan,nan,nan,nan,nan,nan,nan,nan,nan,nan,11030.0,84,0,0,2,nan,nan,nan,nan,nan,nan,2,0,0,16.32,14.09,3,BW,NCTL,ND
2023-wimbledon-1156,3:55:13,3,1,2,0,3,2,178,2,2,181,nan,0,0,114,112,89,89,0,0,0,0,0,0,1,0,0,0,0,0,0,0,0,0,nan,nan,nan,nan,nan,nan,nan,nan,nan,nan,11022.0,113,0,0,1,nan,nan,nan,nan,nan,nan,2,0,0,5.1080000000000005,5.268,1,B,NCTL,D
2023-wimbledon-1156,3:57:20,3,1,2,0,4,0,179,1,1,168,nan,15,0,115,110,90,89,0,0,0,0,0,0,0,1,0,0,0,0,0,0,0,0,nan,nan,nan,nan,nan,nan,nan,nan,nan,nan,22020.0,105,0,0,1,nan,nan,nan,nan,nan,nan,2,0,0,55.913999999999994,54.114,15,BC,CTL,ND
2023-wimbledon-1156,3:58:24,3,1,2,0,4,0,180,2,1,177,nan,15,15,113,111,90,90,0,0,0,0,0,0,1,0,0,0,0,0,0,0,0,0,nan,nan,nan,nan,nan,nan,nan,nan,nan,nan,11020.0,110,0,0,1,nan,nan,nan,nan,nan,nan,1,0,0,4.183,6.377000000000001,2,C,NCTL,ND
2023-wimbledon-1156,3:58:52,3,1,2,0,4,0,181,2,1,146,nan,15,30,113,114,90,91,0,0,0,1,0,0,0,0,0,0,0,0,0,0,0,0,nan,nan,nan,nan,nan,nan,nan,nan,nan,nan,21010.0,91,0,0,1,nan,nan,nan,nan,nan,nan,2,0,F,3.988,4.33,2,BW,NCTL,ND
2023-wimbledon-1156,3:59:46,3,1,2,0,4,0,182,2,1,194,nan,15,40,111,115,90,92,0,0,0,0,0,0,1,0,0,0,0,0,0,0,0,0,nan,nan,nan,nan,nan,nan,nan,nan,nan,nan,11020.0,121,0,0,1,nan,nan,nan,nan,nan,nan,1,0,0,7.449,8.263,2,BW,NCTL,ND
2023-wimbledon-1156,4:00:25,3,1,2,0,4,0,183,1,1,204,nan,30,40,114,115,91,92,0,0,1,0,0,0,0,0,1,0,1,0,0,1,0,0,nan,nan,nan,nan,nan,nan,nan,nan,nan,nan,12410.0,127,0,1,1,nan,nan,nan,nan,nan,nan,1,0,B,13.312999999999999,12.72,5,BC,CTL,ND
2023-wimbledon-1156,4:00:56,3,1,2,0,4,0,184,1,1,196,nan,40,40,116,114,92,92,0,0,0,0,0,0,0,0,0,0,0,0,0,1,0,0,nan,nan,nan,nan,nan,nan,nan,nan,nan,nan,22030.0,122,0,1,1,nan,nan,nan,nan,nan,nan,1,0,0,24.21,33.245,5,W,CTL,D
2023-wimbledon-1156,4:01:34,3,1,2,0,4,0,185,1,1,185,nan,AD,40,118,113,93,92,0,0,0,0,0,0,0,0,0,0,0,0,0,0,0,0,nan,nan,nan,nan,nan,nan,nan,nan,nan,nan,21030.0,115,0,0,1,nan,nan,nan,nan,nan,nan,1,0,0,3.6710000000000003,5.496,1,W,CTL,D
2023-wimbledon-1156,4:01:56,3,2,2,0,4,1,186,1,1,146,nan,0,0,121,111,94,92,0,0,0,0,0,0,0,1,0,0,0,0,0,0,0,0,nan,nan,nan,nan,nan,nan,nan,nan,nan,nan,21022.0,91,0,0,2,nan,nan,nan,nan,nan,nan,2,0,0,18.597,17.405,5,BW,NCTL,D
2023-wimbledon-1156,4:03:03,3,2,2,0,5,0,187,2,2,188,nan,0,15,121,115,94,93,0,1,0,1,0,0,0,0,0,0,0,0,0,0,0,0,nan,nan,nan,nan,nan,nan,nan,nan,nan,nan,23000.0,117,0,0,2,nan,nan,nan,nan,nan,nan,1,0,0,2.073,2.061,1,W,CTL,nan
2023-wimbledon-1156,4:03:28,3,2,2,0,5,0,188,2,2,201,nan,0,30,121,118,94,94,0,0,0,1,0,0,0,0,0,0,0,0,0,0,0,0,nan,nan,nan,nan,nan,nan,nan,nan,nan,nan,21010.0,125,0,0,2,nan,nan,nan,nan,nan,nan,1,0,F,7.109,6.5760000000000005,3,C,NCTL,ND
2023-wimbledon-1156,4:03:54,3,2,2,0,5,0,189,2,2,167,nan,0,40,119,119,94,95,0,0,0,0,0,0,1,0,0,0,0,0,0,0,0,0,nan,nan,nan,nan,nan,nan,nan,nan,nan,nan,12020.0,104,0,0,2,nan,nan,nan,nan,nan,nan,2,0,0,5.901,5.944,1,BC,NCTL,ND
2023-wimbledon-1156,4:04:37,3,2,2,0,5,0,190,1,2,148,nan,15,40,120,117,95,95,0,0,0,0,0,0,0,1,0,0,0,0,0,0,0,0,nan,nan,nan,nan,nan,nan,nan,nan,nan,nan,22020.0,92,0,0,2,nan,nan,nan,nan,nan,nan,2,0,0,8.094,7.225,2,B,NCTL,ND
2023-wimbledon-1156,4:05:22,3,2,3,0,5,2,191,2,2,189,nan,0,0,120,123,95,96,0,1,0,1,0,0,0,0,0,0,0,0,0,0,0,0,nan,nan,nan,nan,nan,nan,nan,nan,nan,nan,23002.0,118,0,0,1,nan,nan,nan,nan,nan,nan,1,0,0,1.213,0.745,1,C,NCTL,nan
2023-wimbledon-1156,4:07:42,3,2,3,0,6,0,192,2,1,201,nan,0,15,118,124,95,97,0,0,0,0,0,0,1,0,1,0,0,0,0,0,0,0,nan,nan,nan,nan,nan,nan,nan,nan,nan,nan,12020.0,125,0,0,1,nan,nan,nan,nan,nan,nan,1,0,0,7.202000000000001,7.471,2,BC,NCTL,ND
2023-wimbledon-1156,4:08:22,3,2,3,0,6,0,193,2,1,188,nan,0,30,117,126,95,98,0,0,0,0,0,0,0,0,0,0,0,0,0,0,0,0,nan,nan,nan,nan,nan,nan,nan,nan,nan,nan,12030.0,117,0,0,1,nan,nan,nan,nan,nan,nan,1,0,0,26.476999999999997,24.761999999999997,6,B,CTL,ND
2023-wimbledon-1156,4:09:02,3,2,3,0,6,0,194,1,1,181,nan,15,30,120,126,96,98,0,0,1,0,0,0,0,0,0,0,0,0,0,0,0,0,nan,nan,nan,nan,nan,nan,nan,nan,nan,nan,11010.0,113,0,0,1,nan,nan,nan,nan,nan,nan,1,0,F,6.5329999999999995,19.215,3,BW,NCTL,ND
2023-wimbledon-1156,4:09:29,3,2,3,0,6,0,195,1,1,185,nan,30,30,121,124,97,98,0,0,0,0,0,0,0,1,0,0,0,0,0,0,0,0,nan,nan,nan,nan,nan,nan,nan,nan,nan,nan,21020.0,115,0,0,1,nan,nan,nan,nan,nan,nan,2,0,0,15.385,17.334,5,BW,NCTL,ND
2023-wimbledon-1156,4:10:19,3,2,3,0,6,0,196,1,1,178,nan,40,30,122,122,98,98,0,0,0,0,0,0,0,1,0,0,0,0,0,0,0,0,nan,nan,nan,nan,nan,nan,nan,nan,nan,nan,22020.0,111,0,0,1,nan,nan,nan,nan,nan,nan,1,0,0,22.393,45.705,5,BW,NCTL,ND
2023-wimbledon-1156,4:10:51,3,3,3,0,6,1,197,1,1,191,nan,0,0,128,122,99,98,1,0,1,0,0,0,0,0,0,0,0,0,0,0,0,0,nan,nan,nan,nan,nan,nan,nan,nan,nan,nan,13002.0,119,0,0,2,nan,nan,nan,nan,nan,nan,1,0,0,1.22,1.466,1,C,NCTL,nan
2023-wimbledon-1156,4:11:43,3,3,3,0,7,0,198,2,2,194,nan,0,15,127,124,99,99,0,0,0,0,0,0,0,0,0,1,0,1,0,0,0,0,nan,nan,nan,nan,nan,nan,nan,nan,nan,nan,12030.0,121,0,0,2,nan,nan,nan,nan,nan,nan,1,0,0,20.967,19.387,5,BW,NCTL,ND
2023-wimbledon-1156,4:12:20,3,3,3,0,7,0,199,1,2,162,nan,15,15,128,122,100,99,0,0,0,0,0,0,0,1,0,0,0,0,0,0,0,0,nan,nan,nan,nan,nan,nan,nan,nan,nan,nan,21020.0,101,0,0,2,nan,nan,nan,nan,nan,nan,2,0,0,10.357999999999999,7.039,2,B,NCTL,ND
2023-wimbledon-1156,4:13:09,3,3,3,0,7,0,200,2,2,201,nan,15,30,128,126,100,100,0,1,0,1,0,0,0,0,0,0,0,0,0,0,0,0,nan,nan,nan,nan,nan,nan,nan,nan,nan,nan,23000.0,125,0,0,2,nan,nan,nan,nan,nan,nan,1,0,0,0.7170000000000001,1.015,1,C,NCTL,nan
2023-wimbledon-1156,4:13:34,3,3,3,0,7,0,201,2,2,194,nan,15,40,128,130,100,101,0,1,0,1,0,0,0,0,0,0,0,0,0,0,0,0,nan,nan,nan,nan,nan,nan,nan,nan,nan,nan,23000.0,121,0,0,2,nan,nan,nan,nan,nan,nan,1,0,0,0.845,0.7090000000000001,1,C,NCTL,nan
2023-wimbledon-1156,4:13:57,3,3,4,0,7,2,202,2,2,152,nan,0,0,126,133,100,102,0,0,0,0,0,0,1,0,1,0,0,0,0,0,0,0,nan,nan,nan,nan,nan,nan,nan,nan,nan,nan,12022.0,95,0,0,1,nan,nan,nan,nan,nan,nan,2,0,0,13.743,11.758,3,C,CTL,D
2023-wimbledon-1156,4:16:09,3,3,4,0,8,0,203,1,1,180,nan,15,0,127,131,101,102,0,0,0,0,0,0,0,1,0,0,0,0,0,0,0,0,nan,nan,nan,nan,nan,nan,nan,nan,nan,nan,22020.0,112,0,0,1,nan,nan,nan,nan,nan,nan,1,0,0,19.13,22.048000000000002,3,W,CTL,ND
2023-wimbledon-1156,4:16:35,3,3,4,0,8,0,204,2,1,199,nan,15,15,125,132,101,103,0,0,0,0,0,0,1,0,0,0,0,0,0,0,0,0,nan,nan,nan,nan,nan,nan,nan,nan,nan,nan,12020.0,124,0,0,1,nan,nan,nan,nan,nan,nan,1,0,0,7.836,9.54,2,C,NCTL,ND
2023-wimbledon-1156,4:17:03,3,3,4,0,8,0,205,1,1,202,nan,30,15,128,132,102,103,0,0,1,0,0,0,0,0,0,0,0,0,0,0,0,0,nan,nan,nan,nan,nan,nan,nan,nan,nan,nan,14000.0,126,0,0,1,nan,nan,nan,nan,nan,nan,1,S,0,2.141,3.447,1,BC,NCTL,D
2023-wimbledon-1156,4:17:26,3,3,4,0,8,0,206,1,1,175,nan,40,15,129,130,103,103,0,0,0,0,0,0,0,1,0,0,0,0,0,0,0,0,nan,nan,nan,nan,nan,nan,nan,nan,nan,nan,21020.0,109,0,0,1,nan,nan,nan,nan,nan,nan,1,0,0,14.828,17.299,5,W,NCTL,D
2023-wimbledon-1156,4:17:55,3,4,4,0,8,1,207,1,1,157,nan,0,0,132,128,104,103,0,0,0,0,0,0,0,1,0,0,0,0,0,0,0,0,nan,nan,nan,nan,nan,nan,nan,nan,nan,nan,22022.0,98,0,0,2,nan,nan,nan,nan,nan,nan,2,0,0,4.225,5.921,1,C,NCTL,D
2023-wimbledon-1156,4:19:13,3,4,4,0,9,0,208,1,2,177,nan,15,0,133,126,105,103,0,0,0,0,0,0,0,1,0,0,0,0,0,0,0,0,nan,nan,nan,nan,nan,nan,nan,nan,nan,nan,22020.0,110,0,0,2,nan,nan,nan,nan,nan,nan,2,0,0,6.507000000000001,5.575,2,BW,NCTL,ND
2023-wimbledon-1156,4:20:03,3,4,4,0,9,0,209,1,2,0,nan,30,0,134,122,106,103,0,0,0,0,0,1,0,1,0,0,0,0,0,0,0,0,nan,nan,nan,nan,nan,nan,nan,nan,nan,nan,25000.0,0,0,0,2,nan,nan,nan,nan,nan,nan,0,0,0,1.261,1.081,0,B,CTL,nan
2023-wimbledon-1156,4:20:45,3,4,4,0,9,0,210,2,2,185,nan,30,15,133,124,106,104,0,0,0,0,0,0,0,0,0,0,0,0,0,0,0,0,nan,nan,nan,nan,nan,nan,nan,nan,nan,nan,11030.0,115,0,0,2,nan,nan,nan,nan,nan,nan,1,0,0,6.757999999999999,5.347,1,W,NCTL,D
2023-wimbledon-1156,4:21:15,3,4,4,0,9,0,211,2,2,189,nan,30,30,132,126,106,105,0,0,0,0,0,0,0,0,0,0,0,0,0,0,0,0,nan,nan,nan,nan,nan,nan,nan,nan,nan,nan,11030.0,118,0,0,2,nan,nan,nan,nan,nan,nan,1,0,0,1.6159999999999999,1.82,1,BC,NCTL,nan
2023-wimbledon-1156,4:21:55,3,4,4,0,9,0,212,2,2,156,nan,30,40,130,127,106,106,0,0,0,0,0,0,1,0,0,0,0,0,0,0,0,0,nan,nan,nan,nan,nan,nan,nan,nan,nan,nan,11020.0,97,0,0,2,nan,nan,nan,nan,nan,nan,2,0,0,22.8,23.18,7,BC,NCTL,D
2023-wimbledon-1156,4:22:57,3,4,5,0,9,2,213,2,2,133,nan,0,0,129,131,106,107,0,0,0,0,0,0,0,0,0,0,0,0,0,0,0,0,nan,nan,nan,nan,nan,nan,nan,nan,nan,nan,11032.0,83,0,0,1,nan,nan,nan,nan,nan,nan,2,0,0,20.099,19.809,5,BW,NCTL,D
2023-wimbledon-1156,4:25:12,3,4,5,0,10,0,214,1,1,175,nan,15,0,131,130,107,107,0,0,0,0,0,0,0,0,0,0,0,0,0,0,0,0,nan,nan,nan,nan,nan,nan,nan,nan,nan,nan,21030.0,109,0,0,1,nan,nan,nan,nan,nan,nan,1,0,0,4.048,8.737,1,W,NCTL,D
2023-wimbledon-1156,4:25:53,3,4,5,0,10,0,215,1,1,0,nan,30,0,134,130,108,107,0,0,1,0,0,0,0,0,0,0,0,0,0,0,0,0,nan,nan,nan,nan,nan,nan,nan,nan,nan,nan,11410.0,0,0,0,1,nan,nan,nan,nan,nan,nan,1,0,F,17.739,20.172,3,C,NCTL,ND
2023-wimbledon-1156,4:26:21,3,4,5,0,10,0,216,2,1,170,nan,30,15,134,133,108,108,0,0,0,1,0,0,0,0,0,1,0,1,0,0,0,0,nan,nan,nan,nan,nan,nan,nan,nan,nan,nan,21510.0,106,0,0,1,nan,nan,nan,nan,nan,nan,2,0,F,40.67,41.452,12,C,NCTL,ND
2023-wimbledon-1156,4:27:29,3,4,5,0,10,0,217,1,1,157,nan,40,15,135,131,109,108,0,0,0,0,0,0,0,1,0,0,0,0,0,0,0,0,nan,nan,nan,nan,nan,nan,nan,nan,nan,nan,21020.0,98,0,0,1,nan,nan,nan,nan,nan,nan,2,0,0,21.511,30.436,7,B,NCTL,ND
2023-wimbledon-1156,4:28:17,3,5,5,0,10,1,218,1,1,167,nan,0,0,138,129,110,108,0,0,0,0,0,0,0,1,0,0,0,0,0,0,0,0,nan,nan,nan,nan,nan,nan,nan,nan,nan,nan,21022.0,104,0,0,2,nan,nan,nan,nan,nan,nan,2,0,0,16.717,20.438,5,W,NCTL,D
2023-wimbledon-1156,4:29:52,3,5,5,0,11,0,219,2,2,159,nan,0,15,137,131,110,109,0,0,0,0,0,0,0,0,0,0,0,0,0,0,0,0,nan,nan,nan,nan,nan,nan,nan,nan,nan,nan,12030.0,99,0,0,2,nan,nan,nan,nan,nan,nan,2,0,0,4.944,3.6439999999999997,1,BC,NCTL,ND
2023-wimbledon-1156,4:30:44,3,5,5,0,11,0,220,1,2,196,nan,15,15,138,129,111,109,0,0,0,0,0,0,0,1,0,1,0,0,0,0,0,0,nan,nan,nan,nan,nan,nan,nan,nan,nan,nan,21020.0,122,0,0,2,nan,nan,nan,nan,nan,nan,1,0,0,10.847999999999999,8.964,2,C,NCTL,ND
2023-wimbledon-1156,4:31:22,3,5,5,0,11,0,221,1,2,165,nan,30,15,139,127,112,109,0,0,0,0,0,0,0,1,0,0,0,0,0,0,0,0,nan,nan,nan,nan,nan,nan,nan,nan,nan,nan,21020.0,103,0,0,2,nan,nan,nan,nan,nan,nan,2,0,0,32.128,28.77,8,BC,NCTL,ND
2023-wimbledon-1156,4:32:22,3,5,5,0,11,0,222,2,2,206,nan,30,30,137,128,112,110,0,0,0,0,0,0,1,0,0,0,0,0,0,0,0,0,nan,nan,nan,nan,nan,nan,nan,nan,nan,nan,12020.0,128,0,0,2,nan,nan,nan,nan,nan,nan,1,0,0,12.34,14.249,3,C,NCTL,ND
2023-wimbledon-1156,4:32:54,3,5,5,0,11,0,223,2,2,152,nan,30,40,135,129,112,111,0,0,0,0,0,0,1,0,0,0,0,0,0,0,0,0,nan,nan,nan,nan,nan,nan,nan,nan,nan,nan,12020.0,95,0,0,2,nan,nan,nan,nan,nan,nan,2,0,0,17.436,16.829,3,C,NCTL,ND
2023-wimbledon-1156,4:33:56,3,5,5,0,11,0,224,1,2,199,nan,40,40,136,127,113,111,0,0,0,0,0,0,0,1,0,0,0,0,0,0,0,0,nan,nan,nan,nan,nan,nan,nan,nan,nan,nan,21020.0,124,0,0,2,nan,nan,nan,nan,nan,nan,1,0,0,11.025,9.642000000000001,2,B,NCTL,D
2023-wimbledon-1156,4:34:29,3,5,5,0,11,0,225,1,2,178,nan,AD,40,137,125,114,111,0,0,0,0,0,0,0,1,0,0,0,0,0,0,0,0,nan,nan,nan,nan,nan,nan,nan,nan,nan,nan,21020.0,111,0,0,2,nan,nan,nan,nan,nan,nan,2,0,0,20.271,13.167,4,BW,NCTL,ND
2023-wimbledon-1156,4:35:50,3,6,5,0,11,1,226,1,2,191,nan,0,0,143,121,115,111,0,0,0,0,0,0,0,1,0,1,0,0,1,0,1,0,nan,nan,nan,nan,nan,nan,nan,nan,nan,nan,22421.0,119,1,0,1,nan,nan,nan,nan,nan,nan,1,0,0,20.564,30.570999999999998,4,C,NCTL,ND
2023-wimbledon-1156,4:37:38,3,6,5,0,12,0,227,2,1,156,nan,0,15,142,123,115,112,0,0,0,0,0,0,0,0,0,0,0,0,0,0,0,0,nan,nan,nan,nan,nan,nan,nan,nan,nan,nan,12030.0,97,0,0,1,nan,nan,nan,nan,nan,nan,2,0,0,43.68,37.284,10,B,NCTL,D
2023-wimbledon-1156,4:38:39,3,6,5,0,12,0,228,2,1,149,nan,0,30,140,124,115,113,0,0,0,0,0,0,1,0,0,0,0,0,0,0,0,0,nan,nan,nan,nan,nan,nan,nan,nan,nan,nan,12020.0,93,0,0,1,nan,nan,nan,nan,nan,nan,2,0,0,11.668,18.86,4,B,NCTL,ND
2023-wimbledon-1156,4:39:27,3,6,5,0,12,0,229,2,1,186,nan,0,40,138,125,115,114,0,0,0,0,0,0,1,0,0,0,0,0,0,0,0,0,nan,nan,nan,nan,nan,nan,nan,nan,nan,nan,12020.0,116,0,0,1,nan,nan,nan,nan,nan,nan,1,0,0,34.961999999999996,35.486,8,W,CTL,D
2023-wimbledon-1156,4:40:05,3,6,5,0,12,0,230,1,1,194,nan,15,40,141,125,116,114,0,0,1,0,0,0,0,0,0,0,0,0,0,1,0,0,nan,nan,nan,nan,nan,nan,nan,nan,nan,nan,11410.0,121,0,1,1,nan,nan,nan,nan,nan,nan,1,0,F,16.357,21.475,5,W,CTL,ND
2023-wimbledon-1156,4:40:39,3,6,6,0,12,2,231,2,1,178,nan,0,0,139,132,116,115,0,0,0,1,0,0,0,0,0,1,0,1,0,1,0,1,nan,nan,nan,nan,nan,nan,nan,nan,nan,nan,21011.0,111,0,1,2,nan,nan,nan,nan,nan,nan,1,0,F,34.861,25.574,6,BW,NCTL,ND
2023-wimbledon-1156,4:41:39,3,6,6,0,13,0,232,2,2,172,nan,0,1,137,133,116,116,0,0,0,0,0,0,1,0,0,0,0,0,0,0,0,0,nan,nan,nan,nan,nan,nan,nan,nan,nan,nan,12020.0,107,0,0,1,nan,nan,nan,nan,nan,nan,2,0,0,10.91,9.269,3,BW,NCTL,D
2023-wimbledon-1156,4:42:25,3,6,6,0,13,0,233,2,1,164,nan,0,2,135,134,116,117,0,0,0,0,0,0,1,0,0,0,0,0,0,0,0,0,nan,nan,nan,nan,nan,nan,nan,nan,nan,nan,11020.0,102,0,0,1,nan,nan,nan,nan,nan,nan,2,0,0,7.652,10.317,2,BW,CTL,ND
2023-wimbledon-1156,4:43:11,3,6,6,0,13,0,234,1,1,157,nan,1,2,136,132,117,117,0,0,0,0,0,0,0,1,0,0,0,0,0,0,0,0,nan,nan,nan,nan,nan,nan,nan,nan,nan,nan,21020.0,98,0,0,2,nan,nan,nan,nan,nan,nan,2,0,0,4.059,4.343,1,BW,NCTL,D
2023-wimbledon-1156,4:44:00,3,6,6,0,13,0,235,2,2,194,nan,1,3,136,135,117,118,0,0,0,1,0,0,0,0,0,1,0,1,0,0,0,0,nan,nan,nan,nan,nan,nan,nan,nan,nan,nan,21010.0,121,0,0,2,nan,nan,nan,nan,nan,nan,1,0,F,8.872,8.334,3,BW,NCTL,ND
2023-wimbledon-1156,4:44:32,3,6,6,0,13,0,236,2,2,172,nan,1,4,136,138,117,119,0,0,0,1,0,0,0,0,0,1,0,1,0,0,0,0,nan,nan,nan,nan,nan,nan,nan,nan,nan,nan,21410.0,107,0,0,1,nan,nan,nan,nan,nan,nan,2,0,F,11.954,14.825999999999999,5,B,NCTL,ND
2023-wimbledon-1156,4:45:39,3,6,6,0,13,0,237,1,1,189,nan,2,4,138,137,118,119,0,0,0,0,0,0,0,0,0,0,0,0,0,0,0,0,nan,nan,nan,nan,nan,nan,nan,nan,nan,nan,21030.0,118,0,0,1,nan,nan,nan,nan,nan,nan,1,0,0,0.809,0.981,1,C,CTL,nan
2023-wimbledon-1156,4:46:53,3,6,6,0,13,0,238,1,1,185,nan,3,4,140,136,119,119,0,0,0,0,0,0,0,0,0,0,0,0,0,0,0,0,nan,nan,nan,nan,nan,nan,nan,nan,nan,nan,21030.0,115,0,0,2,nan,nan,nan,nan,nan,nan,1,0,0,4.32,6.4639999999999995,1,W,CTL,ND
2023-wimbledon-1156,4:47:32,3,6,6,0,13,0,239,1,2,152,nan,4,4,141,134,120,119,0,0,0,0,0,0,0,1,0,0,0,0,0,0,0,0,nan,nan,nan,nan,nan,nan,nan,nan,nan,nan,21020.0,95,0,0,2,nan,nan,nan,nan,nan,nan,2,0,0,10.049,6.074,2,B,NCTL,ND
2023-wimbledon-1156,4:48:21,3,6,6,0,13,0,240,1,2,196,nan,5,4,142,132,121,119,0,0,0,0,0,0,0,1,0,0,0,0,0,0,0,0,nan,nan,nan,nan,nan,nan,nan,nan,nan,nan,21020.0,122,0,0,1,nan,nan,nan,nan,nan,nan,1,0,0,94.93,93.53,24,W,CTL,D
2023-wimbledon-1156,4:49:39,3,6,6,0,13,0,241,1,1,185,nan,6,4,144,131,122,119,0,0,0,0,0,0,0,0,0,0,0,0,0,0,0,0,nan,nan,nan,nan,nan,nan,nan,nan,nan,nan,21030.0,115,0,0,1,nan,nan,nan,nan,nan,nan,1,0,0,3.679,5.935,1,C,NCTL,ND
2023-wimbledon-1156,4:50:04,3,7,6,1,13,1,242,1,1,170,nan,0,0,151,127,123,119,0,0,0,0,0,0,0,0,1,0,1,0,0,0,0,0,nan,nan,nan,nan,nan,nan,nan,nan,nan,nan,22033.0,106,0,0,2,nan,nan,nan,nan,nan,nan,1,0,0,34.015,40.978,7,BC,NCTL,D
2023-wimbledon-1156,4:53:01,4,0,0,0,1,0,243,2,1,165,nan,0,15,149,128,123,120,0,0,0,0,0,0,1,0,0,0,0,0,0,0,0,0,nan,nan,nan,nan,nan,nan,nan,nan,nan,nan,11020.0,103,0,0,1,nan,nan,nan,nan,nan,nan,2,0,0,12.370999999999999,13.883,4,BC,NCTL,ND
2023-wimbledon-1156,4:53:38,4,0,0,0,1,0,244,1,1,191,nan,15,15,150,126,124,120,0,0,0,0,0,0,0,1,0,0,0,0,0,0,0,0,nan,nan,nan,nan,nan,nan,nan,nan,nan,nan,21020.0,119,0,0,1,nan,nan,nan,nan,nan,nan,1,0,0,20.544,20.038,5,C,CTL,D
2023-wimbledon-1156,4:54:26,4,0,0,0,1,0,245,1,1,186,nan,30,15,152,125,125,120,0,0,0,0,0,0,0,0,0,0,0,0,0,0,0,0,nan,nan,nan,nan,nan,nan,nan,nan,nan,nan,21030.0,116,0,0,1,nan,nan,nan,nan,nan,nan,1,0,0,7.361000000000001,4.795,1,BW,NCTL,nan
2023-wimbledon-1156,4:54:51,4,0,0,0,1,0,246,1,1,194,nan,40,15,156,125,126,120,1,0,1,0,0,0,0,0,0,0,0,0,0,0,0,0,nan,nan,nan,nan,nan,nan,nan,nan,nan,nan,13000.0,121,0,0,1,nan,nan,nan,nan,nan,nan,1,0,0,0.89,1.344,1,C,NCTL,nan
2023-wimbledon-1156,4:55:12,4,1,0,0,1,1,247,1,1,144,nan,0,0,160,124,127,120,0,0,0,0,0,0,0,0,0,0,0,0,0,0,0,0,nan,nan,nan,nan,nan,nan,nan,nan,nan,nan,21032.0,90,0,0,2,nan,nan,nan,nan,nan,nan,2,0,0,3.638,4.5089999999999995,1,B,NCTL,ND
2023-wimbledon-1156,4:56:34,4,1,0,0,2,0,248,1,2,0,nan,15,0,161,120,128,120,0,0,0,0,0,1,0,1,0,0,0,0,0,0,0,0,nan,nan,nan,nan,nan,nan,nan,nan,nan,nan,25000.0,0,0,0,2,nan,nan,nan,nan,nan,nan,0,0,0,3.0660000000000003,2.77,0,BC,CTL,nan
2023-wimbledon-1156,4:57:21,4,1,0,0,2,0,249,2,2,193,nan,15,15,160,122,128,121,0,0,0,0,0,0,0,0,0,0,0,0,0,0,0,0,nan,nan,nan,nan,nan,nan,nan,nan,nan,nan,11030.0,120,0,0,2,nan,nan,nan,nan,nan,nan,1,0,0,5.973,6.108,1,BC,NCTL,ND
2023-wimbledon-1156,4:57:44,4,1,0,0,2,0,250,2,2,164,nan,15,30,160,125,128,122,0,0,0,1,0,0,0,0,0,1,0,1,0,0,0,0,nan,nan,nan,nan,nan,nan,nan,nan,nan,nan,22010.0,102,0,0,2,nan,nan,nan,nan,nan,nan,2,0,B,41.582,36.978,11,BC,NCTL,ND
2023-wimbledon-1156,4:58:42,4,1,0,0,2,0,251,1,2,197,nan,30,30,161,123,129,122,0,0,0,0,0,0,0,1,0,0,0,0,0,0,0,0,nan,nan,nan,nan,nan,nan,nan,nan,nan,nan,21020.0,123,0,0,2,nan,nan,nan,nan,nan,nan,1,0,0,16.128,18.067,4,C,NCTL,D
2023-wimbledon-1156,4:59:18,4,1,0,0,2,0,252,2,2,156,nan,30,40,160,125,129,123,0,0,0,0,0,0,0,0,0,0,0,0,0,0,0,0,nan,nan,nan,nan,nan,nan,nan,nan,nan,nan,11030.0,97,0,0,2,nan,nan,nan,nan,nan,nan,2,0,0,1.795,1.693,1,B,NCTL,nan
2023-wimbledon-1156,4:59:58,4,1,0,0,2,0,253,1,2,148,nan,40,40,161,123,130,123,0,0,0,0,0,0,0,1,0,0,0,0,0,0,0,0,nan,nan,nan,nan,nan,nan,nan,nan,nan,nan,21020.0,92,0,0,2,nan,nan,nan,nan,nan,nan,2,0,0,20.719,20.565,6,B,NCTL,ND
2023-wimbledon-1156,5:00:52,4,1,0,0,2,0,254,1,2,164,nan,AD,40,162,121,131,123,0,0,0,0,0,0,0,1,0,0,0,0,0,0,0,0,nan,nan,nan,nan,nan,nan,nan,nan,nan,nan,21020.0,102,0,0,2,nan,nan,nan,nan,nan,nan,2,0,0,15.977,12.11,4,C,NCTL,ND
2023-wimbledon-1156,5:01:44,4,1,0,0,2,0,255,2,2,201,nan,40,40,161,123,131,124,0,0,0,0,0,0,0,0,0,0,0,0,1,0,0,0,nan,nan,nan,nan,nan,nan,nan,nan,nan,nan,12030.0,125,1,0,2,nan,nan,nan,nan,nan,nan,1,0,0,5.87,5.312,1,BW,NCTL,D
2023-wimbledon-1156,5:02:09,4,1,0,0,2,0,256,2,2,199,nan,40,AD,161,126,131,125,0,0,0,1,0,0,0,0,0,1,0,1,0,0,0,0,nan,nan,nan,nan,nan,nan,nan,nan,nan,nan,22410.0,124,0,0,2,nan,nan,nan,nan,nan,nan,1,0,B,21.160999999999998,16.834,5,BC,NCTL,ND
2023-wimbledon-1156,5:02:42,4,1,1,0,2,2,257,2,2,193,nan,0,0,160,130,131,126,0,0,0,0,0,0,0,0,0,0,0,0,0,0,0,0,nan,nan,nan,nan,nan,nan,nan,nan,nan,nan,12032.0,120,0,0,1,nan,nan,nan,nan,nan,nan,1,0,0,9.485,9.711,1,BW,NCTL,D
2023-wimbledon-1156,5:03:15,4,1,1,0,3,0,258,1,1,175,nan,15,0,162,129,132,126,0,0,0,0,0,0,0,0,0,0,0,0,0,0,0,0,nan,nan,nan,nan,nan,nan,nan,nan,nan,nan,21030.0,109,0,0,1,nan,nan,nan,nan,nan,nan,1,0,0,3.9610000000000003,5.53,1,B,NCTL,nan
2023-wimbledon-1156,5:03:37,4,1,1,0,3,0,259,2,1,162,nan,15,15,162,132,132,127,0,0,0,1,0,0,0,0,0,1,0,1,0,0,0,0,nan,nan,nan,nan,nan,nan,nan,nan,nan,nan,21010.0,101,0,0,1,nan,nan,nan,nan,nan,nan,2,0,F,11.843,11.168,4,BC,NCTL,D
2023-wimbledon-1156,5:04:19,4,1,1,0,3,0,260,1,1,197,nan,30,15,164,131,133,127,0,0,0,0,0,0,0,0,0,0,0,0,0,0,0,0,nan,nan,nan,nan,nan,nan,nan,nan,nan,nan,22030.0,123,0,0,1,nan,nan,nan,nan,nan,nan,1,0,0,3.926,6.364,1,C,CTL,ND
2023-wimbledon-1156,5:04:41,4,1,1,0,3,0,261,1,1,191,nan,40,15,168,131,134,127,1,0,1,0,0,0,0,0,0,0,0,0,0,0,0,0,nan,nan,nan,nan,nan,nan,nan,nan,nan,nan,13000.0,119,0,0,1,nan,nan,nan,nan,nan,nan,1,0,0,2.239,2.998,1,BW,NCTL,D
2023-wimbledon-1156,5:05:23,4,2,1,0,3,1,262,1,1,180,nan,0,0,172,130,135,127,0,0,0,0,0,0,0,0,0,0,0,0,0,0,0,0,nan,nan,nan,nan,nan,nan,nan,nan,nan,nan,21032.0,112,0,0,2,nan,nan,nan,nan,nan,nan,1,0,0,8.669,7.957000000000001,1,W,CTL,ND
2023-wimbledon-1156,5:07:11,4,2,1,0,4,0,263,2,2,178,nan,0,15,172,133,135,128,0,0,0,1,0,0,0,0,0,1,0,1,0,0,0,0,nan,nan,nan,nan,nan,nan,nan,nan,nan,nan,21410.0,111,0,0,2,nan,nan,nan,nan,nan,nan,1,0,F,19.500999999999998,17.915,5,BW,NCTL,ND
2023-wimbledon-1156,5:07:42,4,2,1,0,4,0,264,2,2,140,nan,0,30,172,136,135,129,0,0,0,1,0,0,0,0,1,0,0,0,0,0,0,0,nan,nan,nan,nan,nan,nan,nan,nan,nan,nan,22010.0,87,0,0,2,nan,nan,nan,nan,nan,nan,2,0,B,18.94,13.425,5,B,NCTL,ND
2023-wimbledon-1156,5:08:30,4,2,1,0,4,0,265,1,2,181,nan,15,30,173,134,136,129,0,0,0,0,0,0,0,1,0,0,0,0,0,0,0,0,nan,nan,nan,nan,nan,nan,nan,nan,nan,nan,21020.0,113,0,0,2,nan,nan,nan,nan,nan,nan,1,0,0,20.774,13.177999999999999,4,W,NCTL,D
2023-wimbledon-1156,5:09:03,4,2,1,0,4,0,266,2,2,189,nan,15,40,172,136,136,130,0,0,0,0,0,0,0,0,0,0,0,0,0,0,0,0,nan,nan,nan,nan,nan,nan,nan,nan,nan,nan,11030.0,118,0,0,2,nan,nan,nan,nan,nan,nan,1,0,0,8.353,7.59,1,BC,NCTL,D
2023-wimbledon-1156,5:09:28,4,2,2,0,4,2,267,2,2,183,nan,0,0,172,142,136,131,0,1,0,1,0,0,0,0,0,0,0,0,0,0,0,0,nan,nan,nan,nan,nan,nan,nan,nan,nan,nan,23002.0,114,0,0,1,nan,nan,nan,nan,nan,nan,1,0,0,2.097,1.19,1,W,CTL,nan
2023-wimbledon-1156,5:10:35,4,2,2,0,5,0,268,1,1,199,nan,15,0,174,141,137,131,0,0,0,0,0,0,0,0,0,0,0,0,0,0,0,0,nan,nan,nan,nan,nan,nan,nan,nan,nan,nan,22030.0,124,0,0,1,nan,nan,nan,nan,nan,nan,1,0,0,6.587999999999999,7.101,1,BC,CTL,ND
2023-wimbledon-1156,5:10:59,4,2,2,0,5,0,269,2,1,148,nan,15,15,174,144,137,132,0,0,0,1,0,0,0,0,0,1,0,1,0,0,0,0,nan,nan,nan,nan,nan,nan,nan,nan,nan,nan,21510.0,92,0,0,1,nan,nan,nan,nan,nan,nan,2,0,F,25.836,26.334,8,BW,NCTL,ND
2023-wimbledon-1156,5:11:51,4,2,2,0,5,0,270,1,1,167,nan,30,15,177,144,138,132,0,0,1,0,0,0,0,0,0,0,0,0,0,0,0,0,nan,nan,nan,nan,nan,nan,nan,nan,nan,nan,12010.0,104,0,0,1,nan,nan,nan,nan,nan,nan,2,0,B,31.499000000000002,24.924,9,B,NCTL,ND
2023-wimbledon-1156,5:12:44,4,2,2,0,5,0,271,1,1,197,nan,40,15,179,143,139,132,0,0,0,0,0,0,0,0,0,0,0,0,0,0,0,0,nan,nan,nan,nan,nan,nan,nan,nan,nan,nan,21030.0,123,0,0,1,nan,nan,nan,nan,nan,nan,1,0,0,5.099,5.745,1,C,NCTL,D
2023-wimbledon-1156,5:13:05,4,3,2,0,5,1,272,1,1,185,nan,0,0,184,143,140,132,0,0,1,0,0,0,0,0,1,0,1,0,0,0,0,0,nan,nan,nan,nan,nan,nan,nan,nan,nan,nan,11512.0,115,0,0,2,nan,nan,nan,nan,nan,nan,1,0,F,16.053,17.447,5,W,NCTL,ND
2023-wimbledon-1156,5:15:07,4,3,2,0,6,0,273,2,2,186,nan,0,15,183,145,140,133,0,0,0,0,0,0,0,0,0,0,0,0,0,0,0,0,nan,nan,nan,nan,nan,nan,nan,nan,nan,nan,11030.0,116,0,0,2,nan,nan,nan,nan,nan,nan,1,0,0,7.577999999999999,5.341,1,W,CTL,D
2023-wimbledon-1156,5:15:31,4,3,2,0,6,0,274,1,2,156,nan,15,15,184,143,141,133,0,0,0,0,0,0,0,1,0,0,0,0,0,0,0,0,nan,nan,nan,nan,nan,nan,nan,nan,nan,nan,22020.0,97,0,0,2,nan,nan,nan,nan,nan,nan,2,0,0,8.708,7.596,2,B,NCTL,ND
2023-wimbledon-1156,5:16:13,4,3,2,0,6,0,275,2,2,194,nan,15,30,183,145,141,134,0,0,0,0,0,0,0,0,0,0,0,0,0,0,0,0,nan,nan,nan,nan,nan,nan,nan,nan,nan,nan,11030.0,121,0,0,2,nan,nan,nan,nan,nan,nan,1,0,0,3.465,2.7110000000000003,1,BW,NCTL,ND
2023-wimbledon-1156,5:16:33,4,3,2,0,6,0,276,2,2,193,nan,15,40,182,147,141,135,0,0,0,0,0,0,0,0,0,0,0,0,0,0,0,0,nan,nan,nan,nan,nan,nan,nan,nan,nan,nan,11030.0,120,0,0,2,nan,nan,nan,nan,nan,nan,1,0,0,3.8930000000000002,3.969,1,BC,NCTL,ND
2023-wimbledon-1156,5:16:55,4,3,3,0,6,2,277,2,2,185,nan,0,0,182,153,141,136,0,1,0,1,0,0,0,0,0,0,0,0,0,0,0,0,nan,nan,nan,nan,nan,nan,nan,nan,nan,nan,23002.0,115,0,0,1,nan,nan,nan,nan,nan,nan,1,0,0,2.391,1.819,1,W,CTL,nan
2023-wimbledon-1156,5:17:50,4,3,3,0,7,0,278,1,1,178,nan,15,0,184,152,142,136,0,0,0,0,0,0,0,0,0,0,0,0,0,0,0,0,nan,nan,nan,nan,nan,nan,nan,nan,nan,nan,21030.0,111,0,0,1,nan,nan,nan,nan,nan,nan,1,0,0,4.363,6.852,1,W,NCTL,D
2023-wimbledon-1156,5:18:28,4,3,3,0,7,0,279,1,1,185,nan,30,0,187,152,143,136,0,0,1,0,0,0,0,0,1,0,1,0,0,0,0,0,nan,nan,nan,nan,nan,nan,nan,nan,nan,nan,12010.0,115,0,0,1,nan,nan,nan,nan,nan,nan,1,0,B,8.068999999999999,15.395,3,C,NCTL,ND
2023-wimbledon-1156,5:18:56,4,3,3,0,7,0,280,1,1,194,nan,40,0,191,152,144,136,1,0,1,0,0,0,0,0,0,0,0,0,0,0,0,0,nan,nan,nan,nan,nan,nan,nan,nan,nan,nan,13000.0,121,0,0,1,nan,nan,nan,nan,nan,nan,1,0,0,0.809,0.705,1,C,NCTL,nan
2023-wimbledon-1156,5:19:25,4,4,3,0,7,1,281,1,1,146,nan,0,0,195,151,145,136,0,0,0,0,0,0,0,0,0,0,0,0,0,0,0,0,nan,nan,nan,nan,nan,nan,nan,nan,nan,nan,22032.0,91,0,0,2,nan,nan,nan,nan,nan,nan,2,0,0,4.9639999999999995,4.848,1,B,NCTL,D
2023-wimbledon-1156,5:21:26,4,4,3,0,8,0,282,1,2,136,nan,15,0,197,150,146,136,0,0,0,0,0,0,0,0,0,0,0,0,0,0,0,0,nan,nan,nan,nan,nan,nan,nan,nan,nan,nan,21030.0,85,0,0,2,nan,nan,nan,nan,nan,nan,2,0,0,38.424,38.936,10,B,CTL,D
2023-wimbledon-1156,5:22:27,4,4,3,0,8,0,283,2,2,193,nan,15,15,195,151,146,137,0,0,0,0,0,0,1,0,0,0,0,0,0,0,0,0,nan,nan,nan,nan,nan,nan,nan,nan,nan,nan,11020.0,120,0,0,2,nan,nan,nan,nan,nan,nan,1,0,0,12.865,14.727,3,BC,NCTL,D
2023-wimbledon-1156,5:22:55,4,4,3,0,8,0,284,2,2,168,nan,15,30,195,154,146,138,0,0,0,1,0,0,0,0,0,1,0,1,0,0,0,0,nan,nan,nan,nan,nan,nan,nan,nan,nan,nan,21010.0,105,0,0,2,nan,nan,nan,nan,nan,nan,2,0,F,11.82,11.22,3,C,NCTL,ND
2023-wimbledon-1156,5:23:38,4,4,3,0,8,0,285,2,2,194,nan,15,40,194,156,146,139,0,0,0,0,0,0,0,0,0,0,0,0,0,0,0,0,nan,nan,nan,nan,nan,nan,nan,nan,nan,nan,11030.0,121,0,0,2,nan,nan,nan,nan,nan,nan,1,0,0,8.647,8.332,1,C,CTL,D
2023-wimbledon-1156,5:23:59,4,4,4,0,8,2,286,2,2,151,nan,0,0,192,159,146,140,0,0,0,0,0,0,1,0,0,0,0,0,0,0,0,0,nan,nan,nan,nan,nan,nan,nan,nan,nan,nan,12022.0,94,0,0,1,nan,nan,nan,nan,nan,nan,2,0,0,7.585,6.6339999999999995,1,BC,NCTL,D
2023-wimbledon-1156,5:24:46,4,4,4,0,9,0,287,1,1,173,nan,15,0,195,159,147,140,0,0,1,0,0,0,0,0,0,0,0,0,0,0,0,0,nan,nan,nan,nan,nan,nan,nan,nan,nan,nan,14000.0,108,0,0,1,nan,nan,nan,nan,nan,nan,1,S,0,10.225,27.084,1,W,CTL,D
2023-wimbledon-1156,5:25:19,4,4,4,0,9,0,288,1,1,196,nan,30,0,197,158,148,140,0,0,0,0,0,0,0,0,0,0,0,0,0,0,0,0,nan,nan,nan,nan,nan,nan,nan,nan,nan,nan,21030.0,122,0,0,1,nan,nan,nan,nan,nan,nan,1,0,0,5.8,5.711,1,BC,NCTL,ND
2023-wimbledon-1156,5:25:43,4,4,4,0,9,0,289,2,1,154,nan,30,15,197,161,148,141,0,0,0,1,0,0,0,0,0,0,0,0,0,0,0,0,nan,nan,nan,nan,nan,nan,nan,nan,nan,nan,21010.0,96,0,0,1,nan,nan,nan,nan,nan,nan,2,0,F,34.251,38.605,10,C,NCTL,ND
2023-wimbledon-1156,5:26:50,4,4,4,0,9,0,290,1,1,157,nan,40,15,200,161,149,141,0,0,1,0,0,0,0,0,0,0,0,0,0,0,0,0,nan,nan,nan,nan,nan,nan,nan,nan,nan,nan,14000.0,98,0,0,1,nan,nan,nan,nan,nan,nan,2,S,0,3.0060000000000002,3.6719999999999997,1,BW,NCTL,D
2023-wimbledon-1156,5:27:30,4,5,4,0,9,1,291,1,1,178,nan,0,0,205,161,150,141,0,0,1,0,0,0,0,0,0,0,0,0,0,0,0,0,nan,nan,nan,nan,nan,nan,nan,nan,nan,nan,12012.0,111,0,0,2,nan,nan,nan,nan,nan,nan,1,0,B,10.539000000000001,11.718,3,W,NCTL,ND
2023-wimbledon-1156,5:29:19,4,5,4,0,10,0,292,2,2,162,nan,0,15,204,163,150,142,0,0,0,0,0,0,0,0,0,0,0,0,0,0,0,0,nan,nan,nan,nan,nan,nan,nan,nan,nan,nan,12030.0,101,0,0,2,nan,nan,nan,nan,nan,nan,2,0,0,8.501,8.23,1,B,NCTL,D
2023-wimbledon-1156,5:30:00,4,5,4,0,10,0,293,2,2,193,nan,0,30,204,167,150,143,0,1,0,1,0,0,0,0,0,0,0,0,0,0,0,0,nan,nan,nan,nan,nan,nan,nan,nan,nan,nan,23000.0,120,0,0,2,nan,nan,nan,nan,nan,nan,1,0,0,0.713,0.835,1,W,CTL,nan
2023-wimbledon-1156,5:30:49,4,5,4,0,10,0,294,1,2,189,nan,15,30,205,165,151,143,0,0,0,0,0,0,0,1,0,0,0,0,0,0,0,0,nan,nan,nan,nan,nan,nan,nan,nan,nan,nan,22020.0,118,0,0,2,nan,nan,nan,nan,nan,nan,1,0,0,20.883000000000003,19.226,4,BW,NCTL,D
2023-wimbledon-1156,5:31:23,4,5,4,0,10,0,295,1,2,151,nan,30,30,206,163,152,143,0,0,0,0,0,0,0,1,0,0,0,0,0,0,0,0,nan,nan,nan,nan,nan,nan,nan,nan,nan,nan,21020.0,94,0,0,2,nan,nan,nan,nan,nan,nan,2,0,0,32.82,29.511999999999997,8,B,NCTL,D
2023-wimbledon-1156,5:32:27,4,5,4,0,10,0,296,1,2,164,nan,40,30,207,161,153,143,0,0,0,0,0,0,0,1,0,0,0,0,0,0,0,0,nan,nan,nan,nan,nan,nan,nan,nan,nan,nan,21020.0,102,0,0,2,nan,nan,nan,nan,nan,nan,2,0,0,79.749,79.423,24,B,NCTL,ND
2023-wimbledon-1156,5:34:01,4,6,4,1,10,1,297,1,2,0,nan,0,0,215,152,154,143,0,0,0,0,0,1,0,1,0,0,0,0,1,0,1,0,nan,nan,nan,nan,nan,nan,nan,nan,nan,nan,25004.0,0,1,0,1,nan,nan,nan,nan,nan,nan,0,0,0,4.922,4.725,0,B,CTL,nan
